jour,hospitalises,reanimation,deces,hosp_mm7,rea_mm7
2020-03-18,2972,771,218,2972.0,771.0
2020-03-19,4073,1002,327,3522.0,886.0
2020-03-20,5226,1297,450,4090.0,1023.0
2020-03-21,5900,1453,525,4543.0,1131.0
2020-03-22,6954,1674,632,5025.0,1239.0
2020-03-23,8673,2080,860,5633.0,1380.0
2020-03-24,10163,2503,1100,6280.0,1540.0
2020-03-25,12072,2935,1388,7580.0,1849.0
2020-03-26,13879,3351,1696,8981.0,2185.0
2020-03-27,15701,3758,1995,10477.0,2536.0
2020-03-28,17580,4236,2314,12146.0,2934.0
2020-03-29,19311,4592,2606,13911.0,3351.0
2020-03-30,20946,5056,3024,15665.0,3776.0
2020-03-31,22672,5496,3523,17452.0,4203.0
2020-04-01,24543,5940,4032,19233.0,4633.0
2020-04-02,26131,6305,4503,20983.0,5055.0
2020-04-03,27302,6556,5091,22641.0,5454.0
2020-04-04,28003,6723,5532,24130.0,5810.0
2020-04-05,28747,6859,5889,25478.0,6134.0
2020-04-06,29569,6948,6494,26710.0,6404.0
2020-04-07,29871,7004,7091,27738.0,6619.0
2020-04-08,30217,7019,7632,28549.0,6773.0
2020-04-09,30608,6937,8044,29188.0,6864.0
2020-04-10,31108,6875,8598,29732.0,6909.0
2020-04-11,31159,6752,8943,30183.0,6913.0
2020-04-12,31665,6714,9253,30600.0,6893.0
2020-04-13,31952,6690,9588,30940.0,6856.0
2020-04-14,32131,6599,10129,31263.0,6798.0
2020-04-15,31623,6331,10643,31464.0,6700.0
2020-04-16,31172,6139,11053,31544.0,6586.0
2020-04-17,31061,5922,11470,31538.0,6450.0
2020-04-18,30515,5733,11834,31446.0,6304.0
2020-04-19,30486,5644,12061,31277.0,6151.0
2020-04-20,30462,5584,12505,31064.0,5993.0
2020-04-21,29984,5334,12892,30758.0,5812.0
2020-04-22,29627,5127,13225,30472.0,5640.0
2020-04-23,29113,4967,13536,30178.0,5473.0
2020-04-24,28554,4785,13841,29820.0,5311.0
2020-04-25,28119,4641,14039,29478.0,5155.0
2020-04-26,28114,4598,14191,29139.0,5005.0
2020-04-27,27954,4526,14486,28781.0,4854.0
2020-04-28,27607,4392,14676,28441.0,4719.0
2020-04-29,26736,4128,15041,28028.0,4577.0
2020-04-30,26192,3947,15231,27611.0,4431.0
2020-05-01,25809,3819,15350,27219.0,4293.0
2020-05-02,25751,3770,15468,26880.0,4169.0
2020-05-03,25739,3762,15564,26541.0,4049.0
2020-05-04,25472,3639,15807,26187.0,3922.0
2020-05-05,24701,3375,16041,25771.0,3777.0
2020-05-06,23912,3095,16218,25368.0,3630.0
2020-05-07,23139,2911,16367,24932.0,3482.0
2020-05-08,22657,2820,16478,24482.0,3339.0
2020-05-09,22547,2764,16554,24024.0,3195.0
2020-05-10,22502,2728,16623,23561.0,3047.0
2020-05-11,22219,2666,16801,23097.0,2908.0
2020-05-12,21530,2496,16984,22644.0,2783.0
2020-05-13,21009,2385,17082,22229.0,2681.0
2020-05-14,20401,2256,17205,21838.0,2588.0
2020-05-15,19801,2162,17323,21430.0,2494.0
2020-05-16,19372,2091,17393,20976.0,2398.0
2020-05-17,19302,2047,17447,20519.0,2300.0
2020-05-18,18956,1958,17570,20053.0,2199.0
2020-05-19,18409,1854,17695,19607.0,2108.0
2020-05-20,17882,1754,17793,19160.0,2017.0
2020-05-21,17527,1708,17851,18750.0,1939.0
2020-05-22,17327,1664,17925,18396.0,1868.0
2020-05-23,17122,1628,17968,18075.0,1802.0
2020-05-24,17129,1618,18003,17765.0,1741.0
2020-05-25,16742,1572,18093,17448.0,1685.0
2020-05-26,16209,1519,18175,17134.0,1638.0
2020-05-27,15627,1467,18240,16812.0,1597.0
2020-05-28,15155,1395,18306,16473.0,1552.0
2020-05-29,14643,1328,18367,16090.0,1504.0
2020-05-30,14329,1293,18424,15691.0,1456.0
2020-05-31,14271,1287,18455,15282.0,1409.0
2020-06-01,14237,1270,18486,14924.0,1366.0
2020-06-02,13978,1221,18570,14606.0,1323.0
2020-06-03,13465,1179,18651,14297.0,1282.0
2020-06-04,13054,1133,18695,13997.0,1244.0
2020-06-05,12650,1065,18741,13712.0,1207.0
2020-06-06,12433,1030,18772,13441.0,1169.0
2020-06-07,12415,1024,18785,13176.0,1132.0
2020-06-08,12269,995,18839,12895.0,1092.0
2020-06-09,11915,926,18892,12600.0,1050.0
2020-06-10,11632,904,18915,12338.0,1011.0
2020-06-11,11420,875,18942,12105.0,974.0
2020-06-12,11079,851,18970,11880.0,944.0
2020-06-13,10864,843,18994,11656.0,917.0
2020-06-14,10836,841,19003,11431.0,891.0
2020-06-15,10707,818,19032,11208.0,865.0
2020-06-16,10490,792,19070,11004.0,846.0
2020-06-17,10222,744,19098,10803.0,823.0
2020-06-18,10080,724,19126,10611.0,802.0
2020-06-19,9925,699,19140,10446.0,780.0
2020-06-20,9792,687,19156,10293.0,758.0
2020-06-21,9778,687,19163,10142.0,736.0
2020-06-22,9648,673,19186,9991.0,715.0
2020-06-23,9446,654,19212,9842.0,695.0
2020-06-24,9254,630,19223,9703.0,679.0
2020-06-25,9096,623,19244,9563.0,665.0
2020-06-26,8841,606,19270,9408.0,651.0
2020-06-27,8715,594,19285,9254.0,638.0
2020-06-28,8727,594,19287,9104.0,625.0
2020-06-29,8643,591,19305,8960.0,613.0
2020-06-30,8491,574,19326,8824.0,602.0
2020-07-01,8291,554,19344,8686.0,591.0
2020-07-02,8103,545,19358,8544.0,580.0
2020-07-03,7946,533,19376,8417.0,569.0
2020-07-04,7863,517,19388,8295.0,558.0
2020-07-05,7863,521,19390,8171.0,548.0
2020-07-06,7806,521,19403,8052.0,538.0
2020-07-07,7550,511,19437,7917.0,529.0
2020-07-08,7254,503,19469,7769.0,522.0
2020-07-09,7134,486,19483,7631.0,513.0
2020-07-10,7020,471,19508,7499.0,504.0
2020-07-11,6995,470,19514,7375.0,498.0
2020-07-12,6991,473,19515,7250.0,491.0
2020-07-13,6941,467,19533,7126.0,483.0
2020-07-14,6907,465,19539,7035.0,476.0
2020-07-15,6873,457,19559,6980.0,470.0
2020-07-16,6754,456,19577,6926.0,466.0
2020-07-17,6646,452,19591,6872.0,463.0
2020-07-18,6614,450,19599,6818.0,460.0
2020-07-19,6583,448,19600,6760.0,456.0
2020-07-20,6547,442,19616,6703.0,453.0
2020-07-21,6440,430,19629,6637.0,448.0
2020-07-22,6324,420,19636,6558.0,443.0
2020-07-23,5915,411,19646,6438.0,436.0
2020-07-24,5678,385,19656,6300.0,427.0
2020-07-25,5634,368,19664,6160.0,415.0
2020-07-26,5640,367,19665,6025.0,403.0
2020-07-27,5614,374,19673,5892.0,394.0
2020-07-28,5510,361,19688,5759.0,384.0
2020-07-29,5409,356,19703,5629.0,375.0
2020-07-30,5334,357,19719,5546.0,367.0
2020-07-31,5257,347,19730,5485.0,361.0
2020-08-01,5177,344,19736,5420.0,358.0
2020-08-02,5188,345,19737,5356.0,355.0
2020-08-03,5157,360,19759,5290.0,353.0
2020-08-04,5121,364,19770,5235.0,353.0
2020-08-05,5107,360,19779,5192.0,354.0
2020-08-06,5019,366,19786,5147.0,355.0
2020-08-07,4970,359,19798,5106.0,357.0
2020-08-08,4981,366,19800,5078.0,360.0
2020-08-09,4992,368,19800,5050.0,363.0
2020-08-10,5004,372,19814,5028.0,365.0
2020-08-11,4971,367,19829,5006.0,365.0
2020-08-12,4850,355,19846,4970.0,365.0
2020-08-13,4824,351,19863,4942.0,363.0
2020-08-14,4788,344,19881,4916.0,360.0
2020-08-15,4817,353,19884,4892.0,359.0
2020-08-16,4820,353,19885,4868.0,356.0
2020-08-17,4885,361,19904,4851.0,355.0
2020-08-18,4783,357,19920,4824.0,353.0
2020-08-19,4781,362,19937,4814.0,354.0
2020-08-20,4723,368,19949,4800.0,357.0
2020-08-21,4720,367,19972,4790.0,360.0
2020-08-22,4685,368,19980,4771.0,362.0
2020-08-23,4683,371,19981,4751.0,365.0
2020-08-24,4664,387,19996,4720.0,369.0
2020-08-25,4578,401,20016,4691.0,375.0
2020-08-26,4535,373,20034,4655.0,376.0
2020-08-27,4517,375,20046,4626.0,377.0
2020-08-28,4517,381,20065,4597.0,379.0
2020-08-29,4512,394,20071,4572.0,383.0
2020-08-30,4517,396,20075,4549.0,387.0
2020-08-31,4564,403,20104,4534.0,389.0
2020-09-01,4586,418,20123,4535.0,391.0
2020-09-02,4614,440,20148,4547.0,401.0
2020-09-03,4625,458,20168,4562.0,413.0
2020-09-04,4653,467,20186,4582.0,425.0
2020-09-05,4667,476,20198,4604.0,437.0
2020-09-06,4697,480,20201,4629.0,449.0
2020-09-07,4889,531,20226,4676.0,467.0
2020-09-08,4942,568,20265,4727.0,489.0
2020-09-09,4985,593,20295,4780.0,510.0
2020-09-10,5077,608,20314,4844.0,532.0
2020-09-11,5136,628,20354,4913.0,555.0
2020-09-12,5176,655,20371,4986.0,580.0
2020-09-13,5228,662,20377,5062.0,606.0
2020-09-14,5479,705,20411,5146.0,631.0
2020-09-15,5660,752,20447,5249.0,658.0
2020-09-16,5800,796,20493,5365.0,687.0
2020-09-17,5825,793,20543,5472.0,713.0
2020-09-18,5800,820,20665,5567.0,740.0
2020-09-19,5493,827,20690,5612.0,765.0
2020-09-20,5356,834,20701,5630.0,790.0
2020-09-21,5597,912,20754,5647.0,819.0
2020-09-22,5777,944,20821,5664.0,847.0
2020-09-23,5913,995,20864,5680.0,875.0
2020-09-24,6012,1041,20916,5707.0,910.0
2020-09-25,6110,1092,20971,5751.0,949.0
2020-09-26,6154,1105,21010,5846.0,989.0
2020-09-27,6235,1112,21037,5971.0,1029.0
2020-09-28,6397,1158,21118,6085.0,1064.0
2020-09-29,6482,1198,21177,6186.0,1100.0
2020-09-30,6572,1232,21240,6280.0,1134.0
2020-10-01,6634,1259,21303,6369.0,1165.0
2020-10-02,6740,1270,21350,6459.0,1191.0
2020-10-03,6740,1289,21393,6543.0,1217.0
2020-10-04,6964,1335,21425,6647.0,1249.0
2020-10-05,7276,1409,21494,6773.0,1285.0
2020-10-06,7377,1417,21556,6900.0,1316.0
2020-10-07,7514,1406,21636,7035.0,1341.0
2020-10-08,7603,1418,21712,7173.0,1363.0
2020-10-09,7843,1439,21774,7331.0,1388.0
2020-10-10,7976,1456,21828,7508.0,1411.0
2020-10-11,8231,1483,21874,7689.0,1433.0
2020-10-12,8671,1539,21969,7888.0,1451.0
2020-10-13,8928,1633,22053,8109.0,1482.0
2020-10-14,9173,1664,22157,8346.0,1519.0
2020-10-15,9584,1741,22245,8629.0,1565.0
2020-10-16,10021,1791,22367,8941.0,1615.0
2020-10-17,10399,1868,22456,9287.0,1674.0
2020-10-18,10897,1939,22541,9668.0,1739.0
2020-10-19,11640,2090,22687,10092.0,1818.0
2020-10-20,12435,2168,22849,10593.0,1894.0
2020-10-21,13162,2239,23012,11163.0,1977.0
2020-10-22,14009,2310,23174,11795.0,2058.0
2020-10-23,14985,2432,23358,12504.0,2149.0
2020-10-24,15637,2491,23495,13252.0,2238.0
2020-10-25,16454,2575,23611,14046.0,2329.0
2020-10-26,17761,2761,23868,14920.0,2425.0
2020-10-27,18955,2909,24156,15852.0,2531.0
2020-10-28,20184,3036,24400,16855.0,2645.0
2020-10-29,21160,3147,24635,17877.0,2764.0
2020-10-30,22153,3368,24890,18901.0,2898.0
2020-10-31,23013,3443,25113,19954.0,3034.0
2020-11-01,24008,3569,25344,21033.0,3176.0
2020-11-02,25120,3721,25760,22085.0,3313.0
2020-11-03,26242,3869,26186,23126.0,3450.0
2020-11-04,27511,4080,26571,24172.0,3600.0
2020-11-05,28403,4221,26934,25207.0,3753.0
2020-11-06,28955,4321,27332,26179.0,3889.0
2020-11-07,29396,4410,27636,27091.0,4027.0
2020-11-08,30217,4527,27906,27978.0,4164.0
2020-11-09,31098,4677,28454,28832.0,4301.0
2020-11-10,31477,4736,28920,29580.0,4425.0
2020-11-11,31918,4789,29248,30209.0,4526.0
2020-11-12,32654,4884,29673,30816.0,4621.0
2020-11-13,32676,4887,30129,31348.0,4701.0
2020-11-14,32468,4855,30483,31787.0,4765.0
2020-11-15,33050,4880,30785,32192.0,4815.0
2020-11-16,33466,4903,31291,32530.0,4848.0
2020-11-17,33139,4838,31719,32767.0,4862.0
2020-11-18,32811,4759,32144,32895.0,4858.0
2020-11-19,32314,4637,32573,32846.0,4823.0
2020-11-20,31875,4566,32954,32732.0,4777.0
2020-11-21,31365,4493,33207,32574.0,4725.0
2020-11-22,31522,4491,33421,32356.0,4670.0
2020-11-23,31449,4438,33921,32068.0,4603.0
2020-11-24,30594,4277,34374,31704.0,4523.0
2020-11-25,29944,4136,34755,31295.0,4434.0
2020-11-26,29282,4006,35094,30862.0,4344.0
2020-11-27,28620,3871,35487,30397.0,4245.0
2020-11-28,28139,3765,35700,29936.0,4141.0
2020-11-29,28284,3744,35898,29473.0,4034.0
2020-11-30,28229,3739,36304,29013.0,3934.0
2020-12-01,27611,3594,36667,28587.0,3836.0
2020-12-02,26986,3478,36976,28164.0,3742.0
2020-12-03,26675,3415,37300,27792.0,3658.0
2020-12-04,26283,3283,37582,27458.0,3574.0
2020-12-05,26040,3220,37796,27158.0,3496.0
2020-12-06,26262,3210,37970,26869.0,3420.0
2020-12-07,26333,3188,38336,26599.0,3341.0
2020-12-08,25882,3078,38713,26352.0,3267.0
2020-12-09,25526,3031,39009,26143.0,3204.0
2020-12-10,25199,2949,39301,25932.0,3137.0
2020-12-11,24943,2874,39605,25741.0,3079.0
2020-12-12,24948,2851,39799,25585.0,3026.0
2020-12-13,25207,2861,39949,25434.0,2976.0
2020-12-14,25449,2896,40320,25308.0,2934.0
2020-12-15,25207,2871,40627,25211.0,2905.0
2020-12-16,25282,2840,40916,25176.0,2877.0
2020-12-17,25149,2798,41174,25169.0,2856.0
2020-12-18,24945,2764,41429,25170.0,2840.0
2020-12-19,24819,2718,41618,25151.0,2821.0
2020-12-20,24961,2745,41749,25116.0,2805.0
2020-12-21,25201,2737,42100,25081.0,2782.0
2020-12-22,24932,2719,42481,25041.0,2760.0
2020-12-23,24852,2701,42757,24980.0,2740.0
2020-12-24,24607,2643,43047,24902.0,2718.0
2020-12-25,24359,2616,43206,24819.0,2697.0
2020-12-26,24444,2640,43352,24765.0,2686.0
2020-12-27,24620,2650,43525,24716.0,2672.0
2020-12-28,24645,2694,43888,24637.0,2666.0
2020-12-29,24743,2666,44272,24610.0,2659.0
2020-12-30,24560,2652,44575,24568.0,2652.0
2020-12-31,24407,2625,44826,24540.0,2649.0
2021-01-01,24263,2609,44959,24526.0,2648.0
2021-01-02,24458,2632,45115,24528.0,2647.0
2021-01-03,24780,2665,45231,24551.0,2649.0
2021-01-04,24962,2657,45609,24596.0,2644.0
2021-01-05,24871,2616,45954,24614.0,2637.0
2021-01-06,24708,2607,46237,24636.0,2630.0
2021-01-07,24488,2573,46513,24647.0,2623.0
2021-01-08,24377,2606,46789,24663.0,2622.0
2021-01-09,24240,2600,46957,24632.0,2618.0
2021-01-10,24526,2620,47108,24596.0,2611.0
2021-01-11,24812,2666,47418,24575.0,2613.0
2021-01-12,24703,2678,47773,24551.0,2621.0
2021-01-13,24735,2701,48002,24554.0,2635.0
2021-01-14,24983,2716,48284,24625.0,2655.0
2021-01-15,25009,2730,48564,24715.0,2673.0
2021-01-16,24985,2731,48757,24822.0,2692.0
2021-01-17,25235,2766,48898,24923.0,2713.0
2021-01-18,25584,2803,49301,25033.0,2732.0
2021-01-19,25532,2829,49670,25152.0,2754.0
2021-01-20,25650,2842,49980,25283.0,2774.0
2021-01-21,25699,2866,50326,25385.0,2795.0
2021-01-22,25872,2902,50645,25508.0,2820.0
2021-01-23,25864,2886,50875,25634.0,2842.0
2021-01-24,26357,2955,51047,25794.0,2869.0
2021-01-25,26888,3031,51492,25980.0,2902.0
2021-01-26,27005,3071,51842,26191.0,2936.0
2021-01-27,27131,3097,52192,26402.0,2973.0
2021-01-28,27128,3101,52536,26606.0,3006.0
2021-01-29,27270,3120,52891,26806.0,3037.0
2021-01-30,27242,3103,53133,27003.0,3068.0
2021-01-31,27573,3148,53328,27177.0,3096.0
2021-02-01,27874,3218,53783,27318.0,3123.0
2021-02-02,28029,3270,54187,27464.0,3151.0
2021-02-03,27953,3267,54544,27581.0,3175.0
2021-02-04,27766,3240,54901,27672.0,3195.0
2021-02-05,27572,3235,55194,27716.0,3212.0
2021-02-06,27327,3215,55385,27728.0,3228.0
2021-02-07,27652,3262,55556,27739.0,3244.0
2021-02-08,27995,3353,56014,27756.0,3263.0
2021-02-09,27634,3332,56450,27700.0,3272.0
2021-02-10,27417,3309,56746,27623.0,3278.0
2021-02-11,26963,3327,57106,27509.0,3290.0
2021-02-12,26424,3298,57423,27345.0,3299.0
2021-02-13,26196,3294,57622,27183.0,3311.0
2021-02-14,26401,3299,57789,27004.0,3316.0
2021-02-15,26478,3371,58201,26788.0,3319.0
2021-02-16,26195,3338,58552,26582.0,3319.0
2021-02-17,25929,3340,58862,26369.0,3324.0
2021-02-18,25717,3384,59133,26191.0,3332.0
2021-02-19,25506,3380,59458,26060.0,3344.0
2021-02-20,25269,3369,59641,25928.0,3354.0
2021-02-21,25464,3392,59800,25794.0,3368.0
2021-02-22,25831,3407,60133,25702.0,3373.0
2021-02-23,25660,3435,60443,25625.0,3387.0
2021-02-24,25614,3436,60720,25580.0,3400.0
2021-02-25,25317,3430,60981,25523.0,3407.0
2021-02-26,25130,3445,61265,25469.0,3416.0
2021-02-27,24989,3453,61450,25429.0,3428.0
2021-02-28,25280,3492,61572,25403.0,3443.0
2021-03-01,25430,3544,61947,25346.0,3462.0
2021-03-02,25263,3586,62247,25289.0,3484.0
2021-03-03,25111,3637,62569,25217.0,3512.0
2021-03-04,24891,3633,62862,25156.0,3541.0
2021-03-05,24765,3680,63100,25104.0,3575.0
2021-03-06,24625,3689,63270,25052.0,3609.0
2021-03-07,24818,3743,63400,24986.0,3645.0
2021-03-08,25195,3849,63759,24953.0,3688.0
2021-03-09,25201,3918,64057,24944.0,3736.0
2021-03-10,24969,3918,64321,24923.0,3776.0
2021-03-11,24858,3992,64586,24919.0,3827.0
2021-03-12,24749,4033,64809,24916.0,3877.0
2021-03-13,24671,4070,64978,24923.0,3932.0
2021-03-14,24989,4127,65118,24947.0,3987.0
2021-03-15,25469,4219,65451,24987.0,4040.0
2021-03-16,25492,4239,65765,25028.0,4085.0
2021-03-17,25314,4219,66006,25077.0,4128.0
2021-03-18,25389,4246,66274,25153.0,4165.0
2021-03-19,25339,4287,66559,25238.0,4201.0
2021-03-20,25537,4353,66735,25361.0,4241.0
2021-03-21,25926,4406,66873,25495.0,4281.0
2021-03-22,26488,4548,67216,25641.0,4328.0
2021-03-23,26756,4634,67503,25821.0,4385.0
2021-03-24,26876,4651,67748,26044.0,4446.0
2021-03-25,27036,4709,67973,26280.0,4513.0
2021-03-26,27242,4766,68276,26552.0,4581.0
2021-03-27,27259,4791,68466,26798.0,4644.0
2021-03-28,27712,4872,68597,27053.0,4710.0
2021-03-29,28322,4974,68957,27315.0,4771.0
2021-03-30,28510,5072,69293,27565.0,4834.0
2021-03-31,28463,5053,69596,27792.0,4891.0
2021-04-01,28581,5109,69904,28013.0,4948.0
2021-04-02,28729,5254,70204,28225.0,5018.0
2021-04-03,28886,5273,70389,28458.0,5087.0
2021-04-04,29356,5341,70574,28692.0,5154.0
2021-04-05,29907,5433,70771,28919.0,5219.0
2021-04-06,30639,5626,71180,29223.0,5298.0
2021-04-07,30904,5729,71601,29572.0,5395.0
2021-04-08,30555,5705,71944,29854.0,5480.0
2021-04-09,30326,5757,72243,30082.0,5552.0
2021-04-10,30238,5769,72450,30275.0,5623.0
2021-04-11,30671,5838,72626,30463.0,5694.0
2021-04-12,31262,5916,73011,30656.0,5763.0
2021-04-13,31226,5952,73335,30740.0,5809.0
2021-04-14,30868,5902,73632,30735.0,5834.0
2021-04-15,30668,5924,73928,30751.0,5865.0
2021-04-16,30472,5914,74234,30772.0,5888.0
2021-04-17,30329,5877,74423,30785.0,5903.0
2021-04-18,30789,5893,74563,30802.0,5911.0
2021-04-19,31214,5970,75010,30795.0,5919.0
2021-04-20,31086,5984,75384,30775.0,5923.0
2021-04-21,30954,5959,75697,30787.0,5932.0
2021-04-22,30634,5981,75980,30783.0,5940.0
2021-04-23,30438,5962,76285,30778.0,5947.0
2021-04-24,30100,5958,76502,30745.0,5958.0
2021-04-25,30287,5978,76647,30673.0,5970.0
2021-04-26,30596,6001,77045,30585.0,5975.0
2021-04-27,30281,5943,77370,30470.0,5969.0
2021-04-28,29911,5879,77685,30321.0,5957.0
2021-04-29,29487,5804,77991,30157.0,5932.0
2021-04-30,28930,5675,78261,29942.0,5891.0
2021-05-01,28603,5581,78453,29728.0,5837.0
2021-05-02,28818,5585,78566,29518.0,5781.0
2021-05-03,28950,5630,78877,29283.0,5728.0
2021-05-04,28427,5504,79120,29018.0,5665.0
2021-05-05,27686,5402,79364,28700.0,5597.0
2021-05-06,26985,5231,79583,28343.0,5515.0
2021-05-07,26331,5106,79809,27971.0,5434.0
2021-05-08,25800,5005,79985,27571.0,5352.0
2021-05-09,25797,4971,80100,27139.0,5264.0
2021-05-10,25666,4870,80392,26670.0,5156.0
2021-05-11,25028,4743,80628,26185.0,5047.0
2021-05-12,24254,4583,80812,25694.0,4930.0
2021-05-13,23656,4442,80943,25219.0,4817.0
2021-05-14,23406,4352,81116,24801.0,4709.0
2021-05-15,22950,4271,81228,24394.0,4605.0
2021-05-16,22963,4255,81309,23989.0,4502.0
2021-05-17,22749,4186,81505,23572.0,4405.0
2021-05-18,22058,4015,81692,23148.0,4301.0
2021-05-19,21347,3862,81833,22733.0,4198.0
2021-05-20,20750,3769,81966,22318.0,4101.0
2021-05-21,20209,3631,82075,21861.0,3998.0
2021-05-22,19765,3544,82164,21406.0,3895.0
2021-05-23,19720,3515,82234,20943.0,3789.0
2021-05-24,19701,3496,82296,20507.0,3690.0
2021-05-25,19430,3447,82494,20132.0,3609.0
2021-05-26,18593,3330,82638,19738.0,3533.0
2021-05-27,17941,3206,82780,19337.0,3453.0
2021-05-28,17272,3104,82878,18917.0,3377.0
2021-05-29,16847,3028,82946,18501.0,3304.0
2021-05-30,16775,2993,82990,18080.0,3229.0
2021-05-31,16596,2945,83116,17636.0,3150.0
2021-06-01,16088,2825,83243,17159.0,3062.0
2021-06-02,15638,2754,83339,16737.0,2979.0
2021-06-03,15283,2677,83409,16357.0,2904.0
2021-06-04,14801,2571,83490,16004.0,2828.0
2021-06-05,14532,2525,83547,15673.0,2756.0
2021-06-06,14525,2527,83572,15352.0,2689.0
2021-06-07,14323,2472,83636,15027.0,2622.0
2021-06-08,13984,2394,83708,14727.0,2560.0
2021-06-09,13526,2326,83773,14425.0,2499.0
2021-06-10,13090,2245,83841,14112.0,2437.0
2021-06-11,12712,2163,83910,13813.0,2379.0
2021-06-12,12496,2110,83944,13522.0,2320.0
2021-06-13,12480,2106,83957,13230.0,2259.0
2021-06-14,12374,2068,84020,12952.0,2202.0
2021-06-15,11895,1952,84096,12653.0,2139.0
2021-06-16,11519,1873,84140,12367.0,2074.0
2021-06-17,11114,1799,84196,12084.0,2010.0
2021-06-18,10738,1740,84246,11802.0,1950.0
2021-06-19,10531,1703,84268,11522.0,1892.0
2021-06-20,10518,1703,84282,11241.0,1834.0
2021-06-21,10386,1655,84322,10957.0,1775.0
2021-06-22,10046,1560,84373,10693.0,1719.0
2021-06-23,9771,1509,84406,10443.0,1667.0
2021-06-24,9392,1439,84450,10197.0,1616.0
2021-06-25,9190,1389,84483,9976.0,1565.0
2021-06-26,9024,1349,84495,9761.0,1515.0
2021-06-27,8986,1345,84512,9542.0,1464.0
2021-06-28,8846,1304,84556,9322.0,1414.0
2021-06-29,8627,1250,84584,9119.0,1369.0
2021-06-30,8451,1204,84609,8931.0,1326.0
2021-07-01,8232,1162,84638,8765.0,1286.0
2021-07-02,8044,1123,84662,8601.0,1248.0
2021-07-03,7912,1102,84679,8443.0,1213.0
2021-07-04,7913,1104,84688,8289.0,1178.0
2021-07-05,7806,1077,84724,8141.0,1146.0
2021-07-06,7637,1032,84758,7999.0,1115.0
2021-07-07,7539,997,84786,7869.0,1085.0
2021-07-08,7384,971,84811,7748.0,1058.0
2021-07-09,7275,953,84829,7638.0,1034.0
2021-07-10,7183,947,84848,7534.0,1012.0
2021-07-11,7183,947,84852,7430.0,989.0
2021-07-12,7137,957,84880,7334.0,972.0
2021-07-13,7076,933,84902,7254.0,958.0
2021-07-14,7047,931,84908,7184.0,948.0
2021-07-15,7054,914,84924,7136.0,940.0
2021-07-16,6971,899,84946,7093.0,933.0
2021-07-17,6922,890,84962,7056.0,924.0
2021-07-18,6936,891,84967,7020.0,916.0
2021-07-19,7041,902,84987,7007.0,909.0
2021-07-20,6912,876,85020,6983.0,900.0
2021-07-21,6869,859,85042,6958.0,890.0
2021-07-22,6832,868,85053,6926.0,884.0
2021-07-23,6802,872,85082,6902.0,880.0
2021-07-24,6787,878,85104,6883.0,878.0
2021-07-25,6843,886,85110,6869.0,877.0
2021-07-26,7079,952,85154,6875.0,884.0
2021-07-27,7137,978,85182,6907.0,899.0
2021-07-28,7208,992,85225,6955.0,918.0
2021-07-29,7236,1015,85252,7013.0,939.0
2021-07-30,7363,1072,85312,7093.0,968.0
2021-07-31,7409,1099,85355,7182.0,999.0
2021-08-01,7581,1137,85373,7288.0,1035.0
2021-08-02,7840,1232,85424,7396.0,1075.0
2021-08-03,7974,1331,85480,7516.0,1125.0
2021-08-04,8134,1371,85528,7648.0,1180.0
2021-08-05,8210,1420,85577,7787.0,1237.0
2021-08-06,8368,1458,85637,7931.0,1293.0
2021-08-07,8425,1510,85669,8076.0,1351.0
2021-08-08,8685,1556,85697,8234.0,1411.0
2021-08-09,9022,1667,85765,8403.0,1473.0
2021-08-10,9153,1712,85833,8571.0,1528.0
2021-08-11,9233,1745,85886,8728.0,1581.0
2021-08-12,9465,1807,85963,8907.0,1636.0
2021-08-13,9546,1831,86037,9076.0,1690.0
2021-08-14,9648,1837,86088,9250.0,1736.0
2021-08-15,9798,1852,86132,9409.0,1779.0
2021-08-16,10151,1908,86228,9571.0,1813.0
2021-08-17,10219,1953,86339,9723.0,1848.0
2021-08-18,10336,2054,86451,9880.0,1892.0
2021-08-19,10392,2049,86578,10013.0,1926.0
2021-08-20,10515,2091,86660,10151.0,1963.0
2021-08-21,10463,2106,86789,10268.0,2002.0
2021-08-22,10651,2128,86883,10390.0,2041.0
2021-08-23,11007,2215,86991,10512.0,2085.0
2021-08-24,11066,2221,87143,10633.0,2123.0
2021-08-25,11171,2239,87236,10752.0,2150.0
2021-08-26,11104,2261,87343,10854.0,2180.0
2021-08-27,11162,2270,87438,10946.0,2206.0
2021-08-28,11052,2259,87512,11030.0,2228.0
2021-08-29,11092,2276,87565,11093.0,2249.0
2021-08-30,11245,2290,87663,11127.0,2259.0
2021-08-31,11120,2292,87797,11135.0,2270.0
2021-09-01,11119,2294,87880,11128.0,2277.0
2021-09-02,10934,2275,87983,11103.0,2279.0
2021-09-03,10816,2259,88076,11054.0,2278.0
2021-09-04,10654,2223,88159,10997.0,2273.0
2021-09-05,10644,2217,88208,10933.0,2264.0
2021-09-06,10757,2249,88310,10863.0,2258.0
2021-09-07,10646,2259,88418,10796.0,2254.0
2021-09-08,10438,2224,88518,10698.0,2244.0
2021-09-09,10323,2195,88621,10611.0,2232.0
2021-09-10,10115,2151,88701,10511.0,2217.0
2021-09-11,10018,2131,88747,10420.0,2204.0
2021-09-12,10012,2129,88776,10330.0,2191.0
2021-09-13,9986,2103,88862,10220.0,2170.0
2021-09-14,9739,2000,88956,10090.0,2133.0
2021-09-15,9555,1959,89033,9964.0,2095.0
2021-09-16,9297,1952,89098,9817.0,2061.0
2021-09-17,9070,1891,89164,9668.0,2024.0
2021-09-18,8912,1837,89206,9510.0,1982.0
2021-09-19,8887,1832,89234,9349.0,1939.0
2021-09-20,8845,1805,89255,9186.0,1897.0
2021-09-21,8594,1744,89407,9023.0,1860.0
2021-09-22,8414,1656,89465,8860.0,1817.0
2021-09-23,8237,1609,89527,8708.0,1768.0
2021-09-24,8107,1586,89576,8571.0,1724.0
2021-09-25,7980,1571,89605,8438.0,1686.0
2021-09-26,7994,1577,89619,8310.0,1650.0
2021-09-27,7980,1571,89693,8187.0,1616.0
2021-09-28,7801,1524,89751,8073.0,1585.0
2021-09-29,7726,1466,89793,7975.0,1558.0
2021-09-30,7565,1414,89849,7879.0,1530.0
2021-10-01,7410,1355,89895,7779.0,1497.0
2021-10-02,7294,1325,89925,7681.0,1462.0
2021-10-03,7308,1326,89934,7583.0,1426.0
2021-10-04,7299,1328,89984,7486.0,1391.0
2021-10-05,7096,1279,90045,7385.0,1356.0
2021-10-06,7038,1242,90079,7287.0,1324.0
2021-10-07,6903,1200,90113,7193.0,1294.0
2021-10-08,6805,1164,90151,7106.0,1266.0
2021-10-09,6706,1127,90166,7022.0,1238.0
2021-10-10,6737,1132,90174,6941.0,1210.0
2021-10-11,6729,1145,90204,6859.0,1184.0
2021-10-12,6629,1111,90257,6792.0,1160.0
2021-10-13,6601,1091,90280,6730.0,1139.0
2021-10-14,6523,1075,90318,6676.0,1121.0
2021-10-15,6470,1051,90352,6628.0,1105.0
2021-10-16,6437,1049,90367,6589.0,1093.0
2021-10-17,6448,1052,90372,6548.0,1082.0
2021-10-18,6468,1049,90413,6511.0,1068.0
2021-10-19,6483,1046,90452,6490.0,1059.0
2021-10-20,6465,1026,90473,6471.0,1050.0
2021-10-21,6453,1009,90508,6461.0,1040.0
2021-10-22,6400,1010,90537,6451.0,1034.0
2021-10-23,6348,1007,90560,6438.0,1028.0
2021-10-24,6377,1018,90564,6428.0,1024.0
2021-10-25,6405,1023,90605,6419.0,1020.0
2021-10-26,6445,1049,90643,6413.0,1020.0
2021-10-27,6489,1038,90677,6417.0,1022.0
2021-10-28,6541,1037,90710,6429.0,1026.0
2021-10-29,6534,1034,90737,6448.0,1029.0
2021-10-30,6524,1039,90759,6474.0,1034.0
2021-10-31,6572,1046,90771,6501.0,1038.0
2021-11-01,6639,1069,90777,6535.0,1045.0
2021-11-02,6680,1091,90851,6568.0,1051.0
2021-11-03,6764,1096,90890,6608.0,1059.0
2021-11-04,6718,1099,90937,6633.0,1068.0
2021-11-05,6735,1089,90963,6662.0,1076.0
2021-11-06,6667,1099,90988,6682.0,1084.0
2021-11-07,6709,1101,90998,6702.0,1092.0
2021-11-08,6865,1141,91053,6734.0,1102.0
2021-11-09,6851,1140,91097,6758.0,1109.0
2021-11-10,6906,1154,91130,6779.0,1118.0
2021-11-11,6952,1145,91147,6812.0,1124.0
2021-11-12,7046,1182,91195,6857.0,1137.0
2021-11-13,7050,1202,91211,6911.0,1152.0
2021-11-14,7111,1210,91228,6969.0,1168.0
2021-11-15,7361,1257,91298,7040.0,1184.0
2021-11-16,7535,1277,91345,7137.0,1204.0
2021-11-17,7663,1300,91395,7245.0,1225.0
2021-11-18,7787,1333,91447,7365.0,1252.0
2021-11-19,7940,1353,91497,7492.0,1276.0
2021-11-20,7974,1333,91520,7624.0,1295.0
2021-11-21,8038,1339,91535,7757.0,1313.0
2021-11-22,8338,1406,91629,7896.0,1334.0
2021-11-23,8525,1455,91713,8038.0,1360.0
2021-11-24,8765,1483,91793,8195.0,1386.0
2021-11-25,8981,1499,91865,8366.0,1410.0
2021-11-26,9181,1563,91925,8543.0,1440.0
2021-11-27,9271,1617,91959,8728.0,1480.0
2021-11-28,9381,1632,91982,8920.0,1522.0
2021-11-29,9860,1749,92085,9138.0,1571.0
2021-11-30,10249,1824,92199,9384.0,1624.0
2021-12-01,10558,1886,92292,9640.0,1681.0
2021-12-02,10790,1934,92395,9899.0,1744.0
2021-12-03,11103,2058,92508,10173.0,1814.0
2021-12-04,11340,2037,92557,10469.0,1874.0
2021-12-05,11526,2066,92586,10775.0,1936.0
2021-12-06,12096,2191,92778,11095.0,1999.0
2021-12-07,12714,2351,92942,11447.0,2075.0
2021-12-08,13044,2426,93071,11802.0,2152.0
2021-12-09,13363,2461,93198,12169.0,2227.0
2021-12-10,13629,2498,93339,12530.0,2290.0
2021-12-11,13855,2539,93404,12890.0,2362.0
2021-12-12,14050,2602,93452,13250.0,2438.0
2021-12-13,14527,2752,93683,13597.0,2518.0
2021-12-14,14819,2792,93841,13898.0,2581.0
2021-12-15,15062,2843,93992,14186.0,2641.0
2021-12-16,15142,2832,94157,14441.0,2694.0
2021-12-17,15410,2901,94319,14695.0,2752.0
2021-12-18,15370,2933,94404,14911.0,2808.0
2021-12-19,15528,2936,94479,15123.0,2856.0
2021-12-20,15918,3025,94703,15321.0,2895.0
2021-12-21,16076,3096,94913,15501.0,2938.0
2021-12-22,16118,3147,95083,15652.0,2981.0
2021-12-23,16060,3208,95262,15783.0,3035.0
2021-12-24,16173,3254,95429,15892.0,3086.0
2021-12-25,16162,3282,95513,16005.0,3135.0
2021-12-26,16365,3299,95609,16125.0,3187.0
2021-12-27,16921,3333,95865,16268.0,3231.0
2021-12-28,17405,3416,96107,16458.0,3277.0
2021-12-29,17856,3469,96291,16706.0,3323.0
2021-12-30,18321,3506,96471,17029.0,3366.0
2021-12-31,18715,3543,96660,17392.0,3407.0
2022-01-01,18811,3560,96770,17771.0,3447.0
2022-01-02,19043,3572,96861,18153.0,3486.0
2022-01-03,19606,3654,97131,18537.0,3531.0
2022-01-04,20186,3665,97424,18934.0,3567.0
2022-01-05,20688,3695,97670,19339.0,3599.0
2022-01-06,21169,3759,97874,19745.0,3635.0
2022-01-07,21605,3815,98067,20158.0,3674.0
2022-01-08,21721,3821,98209,20574.0,3712.0
2022-01-09,21982,3847,98299,20994.0,3751.0
2022-01-10,22749,3904,98579,21443.0,3787.0
2022-01-11,23371,3969,98847,21898.0,3830.0
2022-01-12,23889,3985,99093,22355.0,3871.0
2022-01-13,24154,3939,99318,22782.0,3897.0
2022-01-14,24511,3895,99509,23197.0,3909.0
2022-01-15,24544,3852,99657,23600.0,3913.0
2022-01-16,24887,3852,99755,24015.0,3914.0
2022-01-17,25776,3913,100051,24447.0,3915.0
2022-01-18,26526,3881,100339,24898.0,3902.0
2022-01-19,27230,3852,100570,25375.0,3883.0
2022-01-20,27931,3842,100815,25915.0,3870.0
2022-01-21,28457,3792,101048,26479.0,3855.0
2022-01-22,28515,3746,101215,27046.0,3840.0
2022-01-23,28838,3760,101330,27610.0,3827.0
2022-01-24,29748,3776,101723,28178.0,3807.0
2022-01-25,30189,3741,102086,28701.0,3787.0
2022-01-26,30624,3712,102344,29186.0,3767.0
2022-01-27,30982,3694,102612,29622.0,3746.0
2022-01-28,31271,3656,102875,30024.0,3726.0
2022-01-29,31282,3634,103053,30419.0,3710.0
2022-01-30,31536,3641,103180,30805.0,3693.0
2022-01-31,32374,3700,103528,31180.0,3683.0
2022-02-01,32894,3751,103909,31566.0,3684.0
2022-02-02,32720,3700,104185,31866.0,3682.0
2022-02-03,32852,3643,104449,32133.0,3675.0
2022-02-04,32988,3618,104804,32378.0,3670.0
2022-02-05,32867,3606,104974,32604.0,3666.0
2022-02-06,33027,3577,105103,32817.0,3656.0
2022-02-07,33447,3622,105520,32971.0,3645.0
2022-02-08,33352,3555,105882,33036.0,3617.0
2022-02-09,32878,3503,106137,33059.0,3589.0
2022-02-10,32415,3416,106447,32996.0,3557.0
2022-02-11,31939,3371,106716,32846.0,3521.0
2022-02-12,31522,3324,106877,32654.0,3481.0
2022-02-13,31621,3305,106984,32453.0,3442.0
2022-02-14,31532,3296,107369,32180.0,3396.0
2022-02-15,31091,3235,107670,31857.0,3350.0
2022-02-16,30578,3126,107913,31528.0,3296.0
2022-02-17,29843,3055,108171,31161.0,3245.0
2022-02-18,29194,2970,108444,30769.0,3187.0
2022-02-19,28632,2918,108592,30356.0,3129.0
2022-02-20,28643,2923,108671,29930.0,3075.0
2022-02-21,28383,2905,108954,29481.0,3019.0
2022-02-22,27566,2842,109240,28977.0,2963.0
2022-02-23,26881,2753,109452,28449.0,2909.0
2022-02-24,26118,2656,109649,27917.0,2852.0
2022-02-25,25484,2546,109837,27387.0,2792.0
2022-02-26,25264,2484,109928,26906.0,2730.0
2022-02-27,25277,2491,109980,26425.0,2668.0
2022-02-28,25079,2456,110212,25953.0,2604.0
2022-03-01,24437,2408,110412,25506.0,2542.0
2022-03-02,23840,2329,110577,25071.0,2481.0
2022-03-03,23175,2231,110744,24651.0,2421.0
2022-03-04,22643,2153,110898,24245.0,2365.0
2022-03-05,22196,2075,111006,23807.0,2306.0
2022-03-06,22253,2079,111038,23375.0,2247.0
2022-03-07,22208,2089,111211,22965.0,2195.0
2022-03-08,21899,2036,111376,22602.0,2142.0
2022-03-09,21509,1962,111511,22269.0,2089.0
2022-03-10,21287,1928,111611,21999.0,2046.0
2022-03-11,21024,1875,111744,21768.0,2006.0
2022-03-12,20860,1857,111795,21577.0,1975.0
2022-03-13,20917,1855,111824,21386.0,1943.0
2022-03-14,20925,1826,111984,21203.0,1906.0
2022-03-15,20919,1783,112128,21063.0,1869.0
2022-03-16,20757,1728,112273,20956.0,1836.0
2022-03-17,20609,1695,112379,20859.0,1803.0
2022-03-18,20519,1674,112480,20787.0,1774.0
2022-03-19,20440,1644,112534,20727.0,1744.0
2022-03-20,20566,1642,112561,20676.0,1713.0
2022-03-21,20706,1632,112713,20645.0,1685.0
2022-03-22,20742,1604,112843,20620.0,1660.0
2022-03-23,20653,1564,112934,20605.0,1636.0
2022-03-24,20654,1523,113046,20611.0,1612.0
2022-03-25,20616,1489,113158,20625.0,1585.0
2022-03-26,20532,1481,113217,20638.0,1562.0
2022-03-27,20606,1486,113242,20644.0,1540.0
2022-03-28,21073,1533,113391,20697.0,1526.0
2022-03-29,21300,1538,113527,20776.0,1516.0
2022-03-30,21688,1546,113659,20924.0,1514.0
2022-03-31,21922,1551,113779,21105.0,1518.0
2022-04-01,22066,1537,113904,21312.0,1525.0
2022-04-02,22113,1523,113961,21538.0,1531.0
2022-04-03,22251,1539,113985,21773.0,1538.0
2022-04-04,22835,1541,114131,22025.0,1539.0
2022-04-05,23010,1552,114258,22269.0,1541.0
2022-04-06,23014,1561,114374,22459.0,1543.0
2022-04-07,23272,1572,114469,22652.0,1546.0
2022-04-08,23404,1554,114593,22843.0,1549.0
2022-04-09,23474,1543,114667,23037.0,1552.0
2022-04-10,23626,1562,114695,23234.0,1555.0
2022-04-11,24205,1589,114871,23429.0,1562.0
2022-04-12,24693,1644,115027,23670.0,1575.0
2022-04-13,24778,1650,115161,23922.0,1588.0
2022-04-14,24828,1648,115284,24144.0,1599.0
2022-04-15,24909,1652,115427,24359.0,1613.0
2022-04-16,24894,1630,115472,24562.0,1625.0
2022-04-17,24922,1636,115501,24747.0,1636.0
2022-04-18,24990,1635,115545,24859.0,1642.0
2022-04-19,25277,1681,115726,24943.0,1647.0
2022-04-20,25179,1677,115947,25000.0,1651.0
2022-04-21,25018,1684,116114,25027.0,1656.0
2022-04-22,24883,1645,116253,25023.0,1655.0
2022-04-23,24840,1636,116312,25016.0,1656.0
2022-04-24,24888,1640,116345,25011.0,1657.0
2022-04-25,24980,1659,116541,25009.0,1660.0
2022-04-26,24703,1667,116708,24927.0,1658.0
2022-04-27,24431,1658,116854,24820.0,1656.0
2022-04-28,24130,1629,116970,24694.0,1648.0
2022-04-29,23579,1591,117119,24507.0,1640.0
2022-04-30,23302,1562,117171,24288.0,1629.0
2022-05-01,23327,1557,117193,24065.0,1618.0
2022-05-02,23211,1511,117371,23812.0,1596.0
2022-05-03,22849,1498,117491,23547.0,1572.0
2022-05-04,22319,1465,117593,23245.0,1545.0
2022-05-05,21880,1447,117708,22924.0,1519.0
2022-05-06,21277,1408,117810,22595.0,1493.0
2022-05-07,20963,1397,117869,22261.0,1469.0
2022-05-08,20939,1403,117912,21920.0,1447.0
2022-05-09,20835,1380,118044,21580.0,1428.0
2022-05-10,20499,1364,118166,21245.0,1409.0
2022-05-11,20152,1329,118253,20935.0,1390.0
2022-05-12,19762,1292,118337,20632.0,1368.0
2022-05-13,19272,1233,118431,20346.0,1343.0
2022-05-14,18901,1213,118494,20051.0,1316.0
2022-05-15,18935,1214,118508,19765.0,1289.0
2022-05-16,18742,1199,118633,19466.0,1263.0
2022-05-17,18290,1173,118723,19151.0,1236.0
2022-05-18,17883,1149,118801,18826.0,1210.0
2022-05-19,17531,1115,118864,18508.0,1185.0
2022-05-20,17141,1095,118926,18203.0,1165.0
2022-05-21,16935,1085,118968,17922.0,1147.0
2022-05-22,16941,1081,118976,17638.0,1128.0
2022-05-23,16785,1074,119058,17358.0,1110.0
2022-05-24,16510,1072,119146,17104.0,1096.0
2022-05-25,16133,1043,119193,16854.0,1081.0
2022-05-26,16015,1033,119220,16637.0,1069.0
2022-05-27,15811,1024,119264,16447.0,1059.0
2022-05-28,15652,1022,119287,16264.0,1050.0
2022-05-29,15646,1014,119300,16079.0,1040.0
2022-05-30,15488,992,119385,15894.0,1029.0
2022-05-31,15118,952,119461,15695.0,1011.0
2022-06-01,14850,929,119517,15511.0,995.0
2022-06-02,14640,926,119558,15315.0,980.0
2022-06-03,14419,917,119593,15116.0,965.0
2022-06-04,14274,917,119624,14919.0,950.0
2022-06-05,14285,914,119631,14725.0,935.0
2022-06-06,14302,907,119640,14555.0,923.0
2022-06-07,14275,895,119714,14435.0,915.0
2022-06-08,14189,895,119791,14341.0,910.0
2022-06-09,14158,876,119830,14272.0,903.0
2022-06-10,14028,869,119868,14216.0,896.0
2022-06-11,14061,875,119886,14185.0,890.0
2022-06-12,14080,871,119891,14156.0,884.0
2022-06-13,14125,865,119958,14131.0,878.0
2022-06-14,14072,854,120015,14102.0,872.0
2022-06-15,13910,847,120062,14062.0,865.0
2022-06-16,13914,846,120110,14027.0,861.0
2022-06-17,13895,845,120153,14008.0,858.0
2022-06-18,13876,829,120170,13982.0,851.0
2022-06-19,13932,830,120172,13961.0,845.0
2022-06-20,14190,849,120217,13970.0,843.0
2022-06-21,14334,841,120273,14007.0,841.0
2022-06-22,14412,845,120337,14079.0,841.0
2022-06-23,14499,841,120377,14163.0,840.0
2022-06-24,14550,830,120426,14256.0,838.0
2022-06-25,14566,818,120448,14355.0,836.0
2022-06-26,14636,822,120457,14455.0,835.0
2022-06-27,15099,880,120504,14585.0,840.0
2022-06-28,15496,898,120541,14751.0,848.0
2022-06-29,15690,914,120588,14934.0,858.0
2022-06-30,15836,931,120630,15125.0,870.0
2022-07-01,16108,960,120681,15347.0,889.0
2022-07-02,16220,951,120711,15584.0,908.0
2022-07-03,16278,953,120724,15818.0,927.0
2022-07-04,16638,978,120821,16038.0,941.0
2022-07-05,17041,1004,120896,16259.0,956.0
2022-07-06,17496,1027,120942,16517.0,972.0
2022-07-07,17719,1035,121028,16786.0,987.0
2022-07-08,17944,1027,121102,17048.0,996.0
2022-07-09,17936,1040,121136,17293.0,1009.0
2022-07-10,17999,1045,121151,17539.0,1022.0
2022-07-11,18605,1107,121259,17820.0,1041.0
2022-07-12,19160,1158,121382,18123.0,1063.0
2022-07-13,19580,1184,121486,18420.0,1085.0
2022-07-14,19647,1178,121535,18696.0,1106.0
2022-07-15,19935,1204,121638,18980.0,1131.0
2022-07-16,20023,1217,121697,19278.0,1156.0
2022-07-17,20137,1225,121714,19584.0,1182.0
2022-07-18,20530,1271,121888,19859.0,1205.0
2022-07-19,20896,1323,122032,20107.0,1229.0
2022-07-20,21010,1299,122140,20311.0,1245.0
2022-07-21,20877,1305,122268,20487.0,1263.0
2022-07-22,20769,1304,122372,20606.0,1278.0
2022-07-23,20730,1279,122419,20707.0,1287.0
2022-07-24,20782,1272,122438,20799.0,1293.0
2022-07-25,21038,1285,122568,20872.0,1295.0
2022-07-26,20924,1317,122687,20876.0,1294.0
2022-07-27,20662,1253,122782,20826.0,1288.0
2022-07-28,20486,1208,122886,20770.0,1274.0
2022-07-29,20214,1195,122968,20691.0,1258.0
2022-07-30,20068,1194,123020,20596.0,1246.0
2022-07-31,20098,1195,123036,20499.0,1235.0
2022-08-01,20063,1205,123157,20359.0,1224.0
2022-08-02,19792,1180,123258,20198.0,1204.0
2022-08-03,19389,1151,123341,20016.0,1190.0
2022-08-04,19154,1151,123426,19825.0,1182.0
2022-08-05,18803,1142,123503,19624.0,1174.0
2022-08-06,18669,1146,123538,19424.0,1167.0
2022-08-07,18693,1147,123548,19223.0,1160.0
2022-08-08,18648,1121,123657,19021.0,1148.0
2022-08-09,18171,1092,123768,18790.0,1136.0
2022-08-10,17729,1057,123848,18552.0,1122.0
2022-08-11,17524,1047,123928,18320.0,1107.0
2022-08-12,17268,1037,123997,18100.0,1092.0
2022-08-13,17083,1009,124033,17874.0,1073.0
2022-08-14,17106,1012,124051,17647.0,1054.0
2022-08-15,17138,1015,124058,17431.0,1038.0
2022-08-16,17011,1009,124171,17266.0,1027.0
2022-08-17,16838,1001,124263,17138.0,1019.0
2022-08-18,16427,981,124352,16982.0,1009.0
2022-08-19,16122,961,124424,16818.0,998.0
2022-08-20,15949,952,124461,16656.0,990.0
2022-08-21,15965,944,124464,16493.0,980.0
2022-08-22,15950,919,124527,16323.0,967.0
2022-08-23,15680,871,124615,16133.0,947.0
2022-08-24,15551,853,124667,15949.0,926.0
2022-08-25,15412,855,124710,15804.0,908.0
2022-08-26,15234,845,124760,15677.0,891.0
2022-08-27,15108,836,124779,15557.0,875.0
2022-08-28,15137,841,124786,15439.0,860.0
2022-08-29,14929,848,124864,15293.0,850.0
2022-08-30,14694,854,124936,15152.0,847.0
2022-08-31,14485,838,124986,15000.0,845.0
2022-09-01,14391,814,125024,14854.0,839.0
2022-09-02,14157,799,125079,14700.0,833.0
2022-09-03,14010,792,125091,14543.0,827.0
2022-09-04,14015,793,125094,14383.0,820.0
2022-09-05,13953,785,125161,14244.0,811.0
2022-09-06,13799,781,125221,14116.0,800.0
2022-09-07,13663,792,125262,13998.0,794.0
2022-09-08,13425,770,125318,13860.0,787.0
2022-09-09,13286,742,125349,13736.0,779.0
2022-09-10,13234,745,125363,13625.0,773.0
2022-09-11,13233,741,125367,13513.0,765.0
2022-09-12,13183,725,125407,13403.0,757.0
2022-09-13,13065,727,125456,13298.0,749.0
2022-09-14,12971,730,125488,13200.0,740.0
2022-09-15,12996,737,125520,13138.0,735.0
2022-09-16,12937,728,125546,13088.0,733.0
2022-09-17,12941,728,125555,13047.0,731.0
2022-09-18,12940,725,125556,13005.0,729.0
2022-09-19,12952,703,125614,12972.0,725.0
2022-09-20,12896,704,125662,12948.0,722.0
2022-09-21,12857,699,125694,12931.0,718.0
2022-09-22,12908,707,125723,12919.0,713.0
2022-09-23,12961,700,125756,12922.0,709.0
2022-09-24,12939,713,125769,12922.0,707.0
2022-09-25,12977,710,125772,12927.0,705.0
2022-09-26,13354,733,125823,12985.0,709.0
2022-09-27,13768,761,125863,13109.0,718.0
2022-09-28,14014,784,125900,13274.0,730.0
2022-09-29,14259,789,125932,13467.0,741.0
2022-09-30,14554,810,125961,13695.0,757.0
2022-10-01,14651,823,125978,13940.0,773.0
2022-10-02,14705,823,125982,14186.0,789.0
2022-10-03,15166,843,126044,14445.0,805.0
2022-10-04,15535,848,126118,14698.0,817.0
2022-10-05,15954,861,126159,14975.0,828.0
2022-10-06,16428,907,126204,15285.0,845.0
2022-10-07,16788,882,126256,15604.0,855.0
2022-10-08,16865,887,126281,15920.0,864.0
2022-10-09,16929,889,126287,16238.0,874.0
2022-10-10,17406,927,126366,16558.0,886.0
2022-10-11,17907,944,126438,16897.0,900.0
2022-10-12,18187,941,126493,17216.0,911.0
2022-10-13,18590,959,126552,17525.0,918.0
2022-10-14,18792,972,126628,17811.0,931.0
2022-10-15,18950,979,126657,18109.0,944.0
2022-10-16,19032,988,126670,18409.0,959.0
2022-10-17,19493,1065,126782,18707.0,978.0
2022-10-18,19948,1069,126881,18999.0,996.0
2022-10-19,20072,1046,126979,19268.0,1011.0
2022-10-20,20110,1039,127041,19485.0,1023.0
2022-10-21,20165,1039,127122,19681.0,1032.0
2022-10-22,20082,1042,127154,19843.0,1041.0
2022-10-23,20158,1037,127171,20004.0,1048.0
2022-10-24,20194,1059,127293,20104.0,1047.0
2022-10-25,19965,1041,127424,20107.0,1043.0
2022-10-26,20014,1052,127483,20098.0,1044.0
2022-10-27,19959,1057,127549,20077.0,1047.0
2022-10-28,19682,1040,127608,20008.0,1047.0
2022-10-29,19465,1027,127647,19920.0,1045.0
2022-10-30,19497,1024,127656,19825.0,1043.0
2022-10-31,19462,1044,127767,19721.0,1041.0
2022-11-01,19383,1070,127818,19637.0,1045.0
2022-11-02,19263,1065,127908,19530.0,1047.0
2022-11-03,18972,1055,127963,19389.0,1046.0
2022-11-04,18794,1029,128037,19262.0,1045.0
2022-11-05,18596,1019,128069,19138.0,1044.0
2022-11-06,18592,1022,128074,19009.0,1043.0
2022-11-07,18500,1015,128183,18871.0,1039.0
2022-11-08,18217,977,128300,18705.0,1026.0
2022-11-09,18110,970,128369,18540.0,1012.0
2022-11-10,18018,962,128420,18404.0,999.0
2022-11-11,17947,948,128447,18283.0,988.0
2022-11-12,17970,951,128457,18193.0,978.0
2022-11-13,18015,957,128458,18111.0,969.0
2022-11-14,18098,972,128558,18054.0,962.0
2022-11-15,18038,970,128667,18028.0,961.0
2022-11-16,18115,983,128737,18029.0,963.0
2022-11-17,17965,962,128812,18021.0,963.0
2022-11-18,17936,962,128881,18020.0,965.0
2022-11-19,17848,960,128907,18002.0,967.0
2022-11-20,17927,969,128909,17990.0,968.0
2022-11-21,18135,978,129003,17995.0,969.0
2022-11-22,18186,971,129092,18016.0,969.0
2022-11-23,18351,989,129167,18050.0,970.0
2022-11-24,18331,986,129223,18102.0,974.0
2022-11-25,18384,1010,129285,18166.0,980.0
2022-11-26,18352,1010,129314,18238.0,988.0
2022-11-27,18385,1007,129322,18303.0,993.0
2022-11-28,18782,1065,129417,18396.0,1005.0
2022-11-29,19061,1076,129505,18521.0,1020.0
2022-11-30,19497,1112,129596,18685.0,1038.0
2022-12-01,19669,1089,129672,18876.0,1053.0
2022-12-02,19865,1113,129739,19087.0,1067.0
2022-12-03,19771,1093,129777,19290.0,1079.0
2022-12-04,19863,1091,129787,19501.0,1091.0
2022-12-05,20393,1114,129891,19731.0,1098.0
2022-12-06,20614,1120,130008,19953.0,1105.0
2022-12-07,21098,1145,130101,20182.0,1109.0
2022-12-08,21619,1201,130158,20460.0,1125.0
2022-12-09,21874,1182,130242,20747.0,1135.0
2022-12-10,22061,1187,130296,21075.0,1149.0
2022-12-11,22133,1191,130316,21399.0,1163.0
2022-12-12,22703,1235,130482,21729.0,1180.0
2022-12-13,23217,1287,130617,22101.0,1204.0
2022-12-14,23742,1341,130721,22478.0,1232.0
2022-12-15,24125,1374,130819,22836.0,1257.0
2022-12-16,24173,1393,130944,23165.0,1287.0
2022-12-17,24256,1384,130987,23478.0,1315.0
2022-12-18,24357,1383,131011,23796.0,1342.0
2022-12-19,24631,1419,131188,24072.0,1369.0
2022-12-20,25002,1438,131317,24327.0,1390.0
2022-12-21,25225,1443,131441,24538.0,1405.0
2022-12-22,25395,1452,131554,24720.0,1416.0
2022-12-23,25218,1454,131706,24869.0,1425.0
2022-12-24,25119,1445,131755,24992.0,1433.0
2022-12-25,25088,1445,131773,25097.0,1442.0
2022-12-26,25043,1454,131906,25156.0,1447.0
2022-12-27,25084,1447,132112,25167.0,1449.0
2022-12-28,24993,1483,132246,25134.0,1454.0
2022-12-29,24653,1484,132373,25028.0,1459.0
2022-12-30,24389,1477,132475,24910.0,1462.0
2022-12-31,24148,1478,132517,24771.0,1467.0
2023-01-01,24157,1477,132536,24638.0,1471.0
2023-01-02,24075,1465,132708,24500.0,1473.0
2023-01-03,23516,1416,132870,24276.0,1469.0
2023-01-04,23167,1389,132985,24015.0,1455.0
2023-01-05,22664,1352,133117,23731.0,1436.0
2023-01-06,22335,1341,133236,23437.0,1417.0
2023-01-07,22129,1330,133284,23149.0,1396.0
2023-01-08,22102,1331,133301,22855.0,1375.0
2023-01-09,21548,1267,133446,22494.0,1347.0
2023-01-10,21100,1242,133561,22149.0,1322.0
2023-01-11,20776,1235,133640,21808.0,1300.0
2023-01-12,20399,1233,133690,21484.0,1283.0
2023-01-13,20039,1227,133788,21156.0,1266.0
2023-01-14,19950,1214,133808,20845.0,1250.0
2023-01-15,19922,1211,133816,20533.0,1233.0
2023-01-16,19689,1187,133896,20268.0,1221.0
2023-01-17,19229,1145,133995,20001.0,1207.0
2023-01-18,18927,1141,134073,19736.0,1194.0
2023-01-19,18470,1105,134133,19461.0,1176.0
2023-01-20,18109,1068,134176,19185.0,1153.0
2023-01-21,17932,1048,134203,18897.0,1129.0
2023-01-22,17911,1044,134212,18610.0,1105.0
2023-01-23,17639,1016,134314,18317.0,1081.0
2023-01-24,17206,972,134373,18028.0,1056.0
2023-01-25,16917,957,134407,17741.0,1030.0
2023-01-26,16479,936,134457,17456.0,1006.0
2023-01-27,15986,911,134501,17153.0,983.0
2023-01-28,15649,895,134532,16827.0,962.0
2023-01-29,15591,896,134538,16495.0,940.0
2023-01-30,15365,883,134597,16170.0,921.0
2023-01-31,14768,865,134654,15822.0,906.0
2023-02-01,14316,838,134707,15451.0,889.0
2023-02-02,14037,819,134757,15102.0,872.0
2023-02-03,13921,807,134784,14807.0,858.0
2023-02-04,13863,798,134805,14552.0,844.0
2023-02-05,13863,797,134805,14305.0,830.0
2023-02-06,13801,789,134845,14081.0,816.0
2023-02-07,13619,780,134887,13917.0,804.0
2023-02-08,13577,767,134918,13812.0,794.0
2023-02-09,13497,770,134935,13734.0,787.0
2023-02-10,13412,777,134955,13662.0,783.0
2023-02-11,13392,775,134966,13594.0,779.0
2023-02-12,13385,774,134967,13526.0,776.0
2023-02-13,13354,772,135005,13462.0,774.0
2023-02-14,13221,774,135040,13405.0,773.0
2023-02-15,13078,752,135075,13334.0,771.0
2023-02-16,13016,745,135101,13265.0,767.0
2023-02-17,12995,742,135128,13206.0,762.0
2023-02-18,12940,730,135144,13141.0,756.0
2023-02-19,12940,728,135145,13078.0,749.0
2023-02-20,13044,738,135175,13033.0,744.0
2023-02-21,12996,731,135207,13001.0,738.0
2023-02-22,12962,736,135245,12985.0,736.0
2023-02-23,12991,733,135264,12981.0,734.0
2023-02-24,12958,731,135293,12976.0,732.0
2023-02-25,12896,722,135309,12970.0,731.0
2023-02-26,12910,723,135310,12965.0,731.0
2023-02-27,12958,726,135345,12953.0,729.0
2023-02-28,12858,722,135379,12933.0,728.0
2023-03-01,12787,718,135404,12908.0,725.0
2023-03-02,12767,721,135425,12876.0,723.0
2023-03-03,12701,710,135446,12840.0,720.0
2023-03-04,12705,717,135463,12812.0,720.0
2023-03-05,12711,719,135463,12784.0,719.0
2023-03-06,12820,731,135489,12764.0,720.0
2023-03-07,12885,735,135513,12768.0,722.0
2023-03-08,13030,738,135540,12803.0,724.0
2023-03-09,13058,742,135550,12844.0,727.0
2023-03-10,13121,754,135577,12904.0,734.0
2023-03-11,13131,749,135585,12965.0,738.0
2023-03-12,13125,744,135585,13024.0,742.0
2023-03-13,13285,758,135626,13091.0,746.0
2023-03-14,13281,760,135653,13147.0,749.0
2023-03-15,13379,763,135677,13197.0,753.0
2023-03-16,13325,749,135701,13235.0,754.0
2023-03-17,13279,755,135726,13258.0,754.0
2023-03-18,13205,752,135737,13268.0,754.0
2023-03-19,13211,754,135737,13281.0,756.0
2023-03-20,13358,760,135787,13291.0,756.0
2023-03-21,13434,761,135822,13313.0,756.0
2023-03-22,13418,761,135835,13319.0,756.0
2023-03-23,13025,739,135860,13276.0,755.0
2023-03-24,13103,751,135875,13251.0,754.0
2023-03-25,13038,744,135889,13227.0,753.0
2023-03-26,13036,746,135894,13202.0,752.0
2023-03-27,13113,728,135936,13167.0,747.0
2023-03-28,13178,720,135975,13130.0,741.0
2023-03-29,13184,734,136009,13097.0,737.0
2023-03-30,13186,732,136045,13120.0,736.0
2023-03-31,13149,709,136076,13126.0,730.0
