jour,doses_jour,complet_jour,cum_dose1,cum_complet,cum_rappel,couv_dose1_pct,couv_complet_pct,couv_rappel_pct
2020-12-27,160,5,160,5,0,0.0,0.0,0.0
2020-12-28,285,8,445,13,0,0.0,0.0,0.0
2020-12-29,195,2,640,15,0,0.0,0.0,0.0
2020-12-30,249,5,889,20,0,0.0,0.0,0.0
2020-12-31,262,7,1151,27,0,0.0,0.0,0.0
2021-01-01,752,23,1903,50,0,0.0,0.0,0.0
2021-01-02,180,9,2083,59,0,0.0,0.0,0.0
2021-01-03,207,5,2290,64,0,0.0,0.0,0.0
2021-01-04,1740,15,4030,79,0,0.0,0.0,0.0
2021-01-05,7060,92,11090,171,0,0.0,0.0,0.0
2021-01-06,11884,85,22974,256,0,0.0,0.0,0.0
2021-01-07,28914,130,51888,386,0,0.1,0.0,0.0
2021-01-08,36468,182,88356,568,0,0.1,0.0,0.0
2021-01-09,11002,59,99358,627,0,0.1,0.0,0.0
2021-01-10,5826,21,105184,648,0,0.2,0.0,0.0
2021-01-11,39335,200,144519,848,0,0.2,0.0,0.0
2021-01-12,60713,267,205232,1115,0,0.3,0.0,0.0
2021-01-13,63900,377,269132,1492,0,0.4,0.0,0.0
2021-01-14,80477,913,349609,2405,0,0.5,0.0,0.0
2021-01-15,67948,496,417557,2901,0,0.6,0.0,0.0
2021-01-16,19793,161,437350,3062,0,0.6,0.0,0.0
2021-01-17,10646,97,447996,3159,0,0.7,0.0,0.0
2021-01-18,84690,549,532686,3708,0,0.8,0.0,0.0
2021-01-19,128687,777,661373,4485,0,1.0,0.0,0.0
2021-01-20,135637,750,797010,5235,0,1.2,0.0,0.0
2021-01-21,156402,847,953412,6082,0,1.4,0.0,0.0
2021-01-22,119677,746,1073089,6828,0,1.6,0.0,0.0
2021-01-23,37932,184,1111021,7012,0,1.6,0.0,0.0
2021-01-24,9466,155,1120487,7167,0,1.6,0.0,0.0
2021-01-25,77342,1744,1197829,8911,0,1.8,0.0,0.0
2021-01-26,99125,4064,1296954,12975,0,1.9,0.0,0.0
2021-01-27,105986,7040,1402940,20015,0,2.1,0.0,0.0
2021-01-28,123181,17001,1526121,37016,0,2.2,0.1,0.0
2021-01-29,91188,19012,1617309,56028,0,2.4,0.1,0.0
2021-01-30,28733,4612,1646042,60640,0,2.4,0.1,0.0
2021-01-31,4996,1903,1651038,62543,0,2.4,0.1,0.0
2021-02-01,52347,23200,1703385,85743,0,2.5,0.1,0.0
2021-02-02,71226,38039,1774611,123782,0,2.6,0.2,0.0
2021-02-03,71313,40168,1845924,163950,0,2.7,0.2,0.0
2021-02-04,81088,55176,1927012,219126,0,2.8,0.3,0.0
2021-02-05,67475,48237,1994487,267363,0,2.9,0.4,0.0
2021-02-06,21805,11498,2016292,278861,0,3.0,0.4,0.0
2021-02-07,4919,6154,2021211,285015,0,3.0,0.4,0.0
2021-02-08,46168,49013,2067379,334028,0,3.0,0.5,0.0
2021-02-09,65163,78688,2132542,412716,0,3.1,0.6,0.0
2021-02-10,69845,83889,2202387,496605,0,3.2,0.7,0.0
2021-02-11,86198,106714,2288585,603319,0,3.4,0.9,0.0
2021-02-12,78302,77114,2366887,680433,0,3.5,1.0,0.0
2021-02-13,21912,19766,2388799,700199,0,3.5,1.0,0.0
2021-02-14,4725,7344,2393524,707543,0,3.5,1.0,0.0
2021-02-15,37400,77386,2430924,784929,0,3.6,1.2,0.0
2021-02-16,49548,100250,2480472,885179,0,3.6,1.3,0.0
2021-02-17,49720,107689,2530192,992868,0,3.7,1.5,0.0
2021-02-18,68670,125109,2598862,1117977,0,3.8,1.6,0.0
2021-02-19,64212,93699,2663074,1211676,0,3.9,1.8,0.0
2021-02-20,18156,28767,2681230,1240443,0,3.9,1.8,0.0
2021-02-21,2990,6065,2684220,1246508,0,3.9,1.8,0.0
2021-02-22,36807,73816,2721027,1320324,0,4.0,1.9,0.0
2021-02-23,52918,86222,2773945,1406546,0,4.1,2.1,0.0
2021-02-24,58723,84012,2832668,1490558,0,4.2,2.2,0.0
2021-02-25,99240,93686,2931908,1584244,0,4.3,2.3,0.0
2021-02-26,112196,73448,3044104,1657692,0,4.5,2.4,0.0
2021-02-27,51391,23556,3095495,1681248,0,4.6,2.5,0.0
2021-02-28,5812,4217,3101307,1685465,0,4.6,2.5,0.0
2021-03-01,64480,55572,3165787,1741037,0,4.7,2.6,0.0
2021-03-02,99879,69768,3265666,1810805,0,4.8,2.7,0.0
2021-03-03,114675,68644,3380341,1879449,0,5.0,2.8,0.0
2021-03-04,161503,77755,3541844,1957204,0,5.2,2.9,0.0
2021-03-05,198887,68978,3740731,2026182,0,5.5,3.0,0.0
2021-03-06,205609,22606,3946340,2048788,0,5.8,3.0,0.0
2021-03-07,119622,7161,4065962,2055949,0,6.0,3.0,0.0
2021-03-08,105477,52654,4171439,2108603,0,6.1,3.1,0.0
2021-03-09,170443,61041,4341882,2169644,0,6.4,3.2,0.0
2021-03-10,176867,62264,4518749,2231908,0,6.6,3.3,0.0
2021-03-11,240402,71635,4759151,2303543,0,7.0,3.4,0.0
2021-03-12,292257,62378,5051408,2365921,0,7.4,3.5,0.0
2021-03-13,229150,21042,5280558,2386963,0,7.8,3.5,0.0
2021-03-14,62418,4982,5342976,2391945,0,7.9,3.5,0.0
2021-03-15,156496,35824,5499472,2427769,0,8.1,3.6,0.0
2021-03-16,139646,42596,5639118,2470365,0,8.3,3.6,0.0
2021-03-17,148433,41860,5787551,2512225,0,8.5,3.7,0.0
2021-03-18,165592,49366,5953143,2561591,0,8.8,3.8,0.0
2021-03-19,227169,43682,6180312,2605273,0,9.1,3.8,0.0
2021-03-20,164919,15807,6345231,2621080,0,9.3,3.9,0.0
2021-03-21,48947,3788,6394178,2624868,0,9.4,3.9,0.0
2021-03-22,167700,38704,6561878,2663572,0,9.6,3.9,0.0
2021-03-23,247277,49710,6809155,2713282,0,10.0,4.0,0.0
2021-03-24,253979,51190,7063134,2764472,0,10.4,4.1,0.0
2021-03-25,338409,55762,7401543,2820234,0,10.9,4.1,0.0
2021-03-26,355436,53086,7756979,2873320,0,11.4,4.2,0.0
2021-03-27,193436,23210,7950415,2896530,0,11.7,4.3,0.0
2021-03-28,58391,6539,8008806,2903069,0,11.8,4.3,0.0
2021-03-29,200589,59698,8209395,2962767,0,12.1,4.4,0.0
2021-03-30,282483,79898,8491878,3042665,0,12.5,4.5,0.0
2021-03-31,259891,84150,8751769,3126815,0,12.9,4.6,0.0
2021-04-01,311704,105668,9063473,3232483,0,13.3,4.8,0.0
2021-04-02,278234,105931,9341707,3338414,0,13.7,4.9,0.0
2021-04-03,139404,67522,9481111,3405936,0,13.9,5.0,0.0
2021-04-04,45536,20892,9526647,3426828,0,14.0,5.0,0.0
2021-04-05,61489,12839,9588136,3439667,0,14.1,5.1,0.0
2021-04-06,214084,121394,9802220,3561061,0,14.4,5.2,0.0
2021-04-07,256765,125797,10058985,3686858,0,14.8,5.4,0.0
2021-04-08,333452,137895,10392437,3824753,0,15.3,5.6,0.0
2021-04-09,404992,133374,10797429,3958127,0,15.9,5.8,0.0
2021-04-10,210287,90730,11007716,4048857,0,16.2,6.0,0.0
2021-04-11,55016,36481,11062732,4085338,0,16.3,6.0,0.0
2021-04-12,234065,124679,11296797,4210017,0,16.6,6.2,0.0
2021-04-13,305760,156040,11602557,4366057,0,17.1,6.4,0.0
2021-04-14,290611,152223,11893168,4518280,0,17.5,6.6,0.0
2021-04-15,332941,165004,12226109,4683284,0,18.0,6.9,0.0
2021-04-16,335334,160731,12561443,4844015,0,18.5,7.1,0.0
2021-04-17,186251,97130,12747694,4941145,0,18.7,7.3,0.0
2021-04-18,50563,37643,12798257,4978788,0,18.8,7.3,0.0
2021-04-19,202444,146602,13000701,5125390,0,19.1,7.5,0.0
2021-04-20,250719,182607,13251420,5307997,0,19.5,7.8,0.0
2021-04-21,249172,181144,13500592,5489141,0,19.9,8.1,0.0
2021-04-22,283240,203758,13783832,5692899,0,20.3,8.4,0.0
2021-04-23,290686,199917,14074518,5892816,0,20.7,8.7,0.0
2021-04-24,188087,121848,14262605,6014664,0,21.0,8.8,0.0
2021-04-25,68460,42319,14331065,6056983,0,21.1,8.9,0.0
2021-04-26,217420,170841,14548485,6227824,0,21.4,9.2,0.0
2021-04-27,280850,209934,14829335,6437758,0,21.8,9.5,0.0
2021-04-28,295834,208394,15125169,6646152,1,22.2,9.8,0.0
2021-04-29,352822,231895,15477991,6878047,1,22.8,10.1,0.0
2021-04-30,367526,224042,15845517,7102089,1,23.3,10.4,0.0
2021-05-01,164331,63315,16009848,7165404,1,23.5,10.5,0.0
2021-05-02,90418,43246,16100266,7208650,1,23.7,10.6,0.0
2021-05-03,284070,184254,16384336,7392904,1,24.1,10.9,0.0
2021-05-04,310388,249913,16694724,7642817,1,24.6,11.2,0.0
2021-05-05,321880,249807,17016604,7892624,1,25.0,11.6,0.0
2021-05-06,373838,273576,17390442,8166200,1,25.6,12.0,0.0
2021-05-07,367238,297926,17757680,8464126,1,26.1,12.4,0.0
2021-05-08,217930,86065,17975610,8550191,1,26.4,12.6,0.0
2021-05-09,127428,52655,18103038,8602846,1,26.6,12.7,0.0
2021-05-10,307122,253662,18410160,8856508,1,27.1,13.0,0.0
2021-05-11,397163,294740,18807323,9151248,1,27.7,13.5,0.0
2021-05-12,425401,268152,19232724,9419400,1,28.3,13.9,0.0
2021-05-13,329971,76969,19562695,9496369,1,28.8,14.0,0.0
2021-05-14,443989,201437,20006684,9697806,1,29.4,14.3,0.0
2021-05-15,365903,119564,20372587,9817370,1,30.0,14.4,0.0
2021-05-16,198134,33654,20570721,9851024,1,30.3,14.5,0.0
2021-05-17,367434,176990,20938155,10028014,1,30.8,14.7,0.0
2021-05-18,449136,191580,21387291,10219594,1,31.5,15.0,0.0
2021-05-19,457045,178158,21844336,10397752,1,32.1,15.3,0.0
2021-05-20,495997,202266,22340333,10600018,1,32.9,15.6,0.0
2021-05-21,477798,219637,22818131,10819655,1,33.6,15.9,0.0
2021-05-22,339325,107551,23157456,10927206,1,34.1,16.1,0.0
2021-05-23,157353,26178,23314809,10953384,1,34.3,16.1,0.0
2021-05-24,255885,52031,23570694,11005415,1,34.7,16.2,0.0
2021-05-25,389817,224656,23960511,11230071,1,35.2,16.5,0.0
2021-05-26,403459,227237,24363970,11457308,1,35.8,16.8,0.0
2021-05-27,438528,264771,24802498,11722079,1,36.5,17.2,0.0
2021-05-28,419510,316418,25222008,12038497,1,37.1,17.7,0.0
2021-05-29,291469,181799,25513477,12220296,1,37.5,18.0,0.0
2021-05-30,103119,41460,25616596,12261756,1,37.7,18.0,0.0
2021-05-31,348109,239148,25964705,12500904,1,38.2,18.4,0.0
2021-06-01,418593,299640,26383298,12800544,1,38.8,18.8,0.0
2021-06-02,408275,277262,26791573,13077806,1,39.4,19.2,0.0
2021-06-03,453080,309343,27244653,13387149,1,40.1,19.7,0.0
2021-06-04,444379,359739,27689032,13746888,2,40.7,20.2,0.0
2021-06-05,296022,220583,27985054,13967471,2,41.2,20.5,0.0
2021-06-06,127374,60218,28112428,14027689,2,41.3,20.6,0.0
2021-06-07,328481,295143,28440909,14322832,2,41.8,21.1,0.0
2021-06-08,381769,334803,28822678,14657635,2,42.4,21.6,0.0
2021-06-09,373557,314458,29196235,14972093,2,42.9,22.0,0.0
2021-06-10,391326,331911,29587561,15304004,2,43.5,22.5,0.0
2021-06-11,375657,402427,29963218,15706431,2,44.1,23.1,0.0
2021-06-12,273562,240322,30236780,15946753,2,44.5,23.5,0.0
2021-06-13,99875,83662,30336655,16030415,2,44.6,23.6,0.0
2021-06-14,231877,378892,30568532,16409307,2,45.0,24.1,0.0
2021-06-15,297693,418321,30866225,16827628,2,45.4,24.7,0.0
2021-06-16,303501,390775,31169726,17218403,2,45.8,25.3,0.0
2021-06-17,307110,409090,31476836,17627493,2,46.3,25.9,0.0
2021-06-18,311295,480431,31788131,18107924,2,46.7,26.6,0.0
2021-06-19,216699,297547,32004830,18405471,2,47.1,27.1,0.0
2021-06-20,69526,109510,32074356,18514981,2,47.2,27.2,0.0
2021-06-21,187353,421835,32261709,18936816,2,47.4,27.8,0.0
2021-06-22,214321,493296,32476030,19430112,3,47.8,28.6,0.0
2021-06-23,224629,467664,32700659,19897776,4,48.1,29.3,0.0
2021-06-24,232146,439938,32932805,20337714,4,48.4,29.9,0.0
2021-06-25,218458,553743,33151263,20891457,4,48.8,30.7,0.0
2021-06-26,146605,390147,33297868,21281604,4,49.0,31.3,0.0
2021-06-27,52729,161845,33350597,21443449,4,49.0,31.5,0.0
2021-06-28,146856,470125,33497453,21913574,4,49.3,32.2,0.0
2021-06-29,174766,530423,33672219,22443997,4,49.5,33.0,0.0
2021-06-30,195775,510896,33867994,22954893,5,49.8,33.8,0.0
2021-07-01,221052,489933,34089046,23444826,5,50.1,34.5,0.0
2021-07-02,218610,553283,34307656,23998109,7,50.5,35.3,0.0
2021-07-03,135609,388585,34443265,24386694,8,50.7,35.9,0.0
2021-07-04,53388,147478,34496653,24534172,8,50.7,36.1,0.0
2021-07-05,159989,440226,34656642,24974398,8,51.0,36.7,0.0
2021-07-06,188203,502125,34844845,25476523,16,51.2,37.5,0.0
2021-07-07,203756,468674,35048601,25945197,18,51.5,38.2,0.0
2021-07-08,222506,458875,35271107,26404072,20,51.9,38.8,0.0
2021-07-09,220098,547166,35491205,26951238,21,52.2,39.6,0.0
2021-07-10,142253,361051,35633458,27312289,21,52.4,40.2,0.0
2021-07-11,56718,117068,35690176,27429357,21,52.5,40.3,0.0
2021-07-12,161544,501523,35851720,27930880,21,52.7,41.1,0.0
2021-07-13,277663,573632,36129383,28504512,21,53.1,41.9,0.0
2021-07-14,175432,182381,36304815,28686893,21,53.4,42.2,0.0
2021-07-15,336278,558786,36641093,29245679,21,53.9,43.0,0.0
2021-07-16,369105,562016,37010198,29807695,22,54.4,43.8,0.0
2021-07-17,251106,359306,37261304,30167001,22,54.8,44.4,0.0
2021-07-18,105066,128566,37366370,30295567,22,55.0,44.6,0.0
2021-07-19,276152,467932,37642522,30763499,22,55.4,45.2,0.0
2021-07-20,364095,511149,38006617,31274648,22,55.9,46.0,0.0
2021-07-21,383047,469779,38389664,31744427,23,56.5,46.7,0.0
2021-07-22,426763,459498,38816427,32203925,24,57.1,47.4,0.0
2021-07-23,425315,497118,39241742,32701043,25,57.7,48.1,0.0
2021-07-24,274768,312764,39516510,33013807,25,58.1,48.5,0.0
2021-07-25,115019,96773,39631529,33110580,25,58.3,48.7,0.0
2021-07-26,333044,372669,39964573,33483249,26,58.8,49.2,0.0
2021-07-27,443360,387843,40407933,33871092,27,59.4,49.8,0.0
2021-07-28,440983,355209,40848916,34226301,28,60.1,50.3,0.0
2021-07-29,470474,345353,41319390,34571654,28,60.8,50.8,0.0
2021-07-30,442571,369392,41761961,34941046,29,61.4,51.4,0.0
2021-07-31,272169,223747,42034130,35164793,29,61.8,51.7,0.0
2021-08-01,104625,62878,42138755,35227671,29,62.0,51.8,0.0
2021-08-02,324906,274435,42463661,35502106,29,62.4,52.2,0.0
2021-08-03,380706,294378,42844367,35796484,30,63.0,52.6,0.0
2021-08-04,367520,256251,43211887,36052735,33,63.5,53.0,0.0
2021-08-05,350498,272327,43562385,36325062,33,64.1,53.4,0.0
2021-08-06,343894,316763,43906279,36641825,33,64.6,53.9,0.0
2021-08-07,201623,203154,44107902,36844979,34,64.9,54.2,0.0
2021-08-08,68316,70135,44176218,36915114,34,65.0,54.3,0.0
2021-08-09,244092,286955,44420310,37202069,36,65.3,54.7,0.0
2021-08-10,288942,312194,44709252,37514263,36,65.7,55.2,0.0
2021-08-11,262623,291241,44971875,37805504,36,66.1,55.6,0.0
2021-08-12,254896,309329,45226771,38114833,36,66.5,56.1,0.0
2021-08-13,235930,306460,45462701,38421293,38,66.9,56.5,0.0
2021-08-14,134224,210880,45596925,38632173,38,67.1,56.8,0.0
2021-08-15,34980,52810,45631905,38684983,38,67.1,56.9,0.0
2021-08-16,173498,332894,45805403,39017877,38,67.4,57.4,0.0
2021-08-17,201658,354843,46007061,39372720,38,67.7,57.9,0.0
2021-08-18,186303,341369,46193364,39714089,41,67.9,58.4,0.0
2021-08-19,179714,342088,46373078,40056177,41,68.2,58.9,0.0
2021-08-20,173798,381568,46546876,40437745,43,68.5,59.5,0.0
2021-08-21,96721,242952,46643597,40680697,43,68.6,59.8,0.0
2021-08-22,28746,86273,46672343,40766970,44,68.6,60.0,0.0
2021-08-23,130889,365549,46803232,41132519,44,68.8,60.5,0.0
2021-08-24,151414,387540,46954646,41520059,44,69.1,61.1,0.0
2021-08-25,141113,360899,47095759,41880958,44,69.3,61.6,0.0
2021-08-26,133489,353626,47229248,42234584,44,69.5,62.1,0.0
2021-08-27,138926,399758,47368174,42634342,45,69.7,62.7,0.0
2021-08-28,84251,253627,47452425,42887969,45,69.8,63.1,0.0
2021-08-29,24886,83318,47477311,42971287,45,69.8,63.2,0.0
2021-08-30,109645,329011,47586956,43300298,5268,70.0,63.7,0.0
2021-08-31,120273,338821,47707229,43639119,16424,70.2,64.2,0.0
2021-09-01,125001,288251,47832230,43927370,40077,70.3,64.6,0.1
2021-09-02,105104,248979,47937334,44176349,68350,70.5,65.0,0.1
2021-09-03,110149,294790,48047483,44471139,100627,70.7,65.4,0.1
2021-09-04,83987,218500,48131470,44689639,114170,70.8,65.7,0.2
2021-09-05,19193,44417,48150663,44734056,118722,70.8,65.8,0.2
2021-09-06,68721,179137,48219384,44913193,152206,70.9,66.0,0.2
2021-09-07,73518,179705,48292902,45092898,187836,71.0,66.3,0.3
2021-09-08,84146,205242,48377048,45298140,219661,71.1,66.6,0.3
2021-09-09,70571,163683,48447619,45461823,255626,71.2,66.9,0.4
2021-09-10,89144,203347,48536763,45665170,295652,71.4,67.2,0.4
2021-09-11,62540,168082,48599303,45833252,309599,71.5,67.4,0.5
2021-09-12,11552,31054,48610855,45864306,312663,71.5,67.4,0.5
2021-09-13,59153,125041,48670008,45989347,356069,71.6,67.6,0.5
2021-09-14,68146,126647,48738154,46115994,417497,71.7,67.8,0.6
2021-09-15,71152,164882,48809306,46280876,471829,71.8,68.1,0.7
2021-09-16,58875,109766,48868181,46390642,531385,71.9,68.2,0.8
2021-09-17,69692,150332,48937873,46540974,588156,72.0,68.4,0.9
2021-09-18,44679,135919,48982552,46676893,605349,72.0,68.6,0.9
2021-09-19,6898,22461,48989450,46699354,607918,72.0,68.7,0.9
2021-09-20,40191,89447,49029641,46788801,657808,72.1,68.8,1.0
2021-09-21,42380,91839,49072021,46880640,720532,72.2,68.9,1.1
2021-09-22,44872,136780,49116893,47017420,775485,72.2,69.1,1.1
2021-09-23,39835,85143,49156728,47102563,838401,72.3,69.3,1.2
2021-09-24,48486,124397,49205214,47226960,897217,72.4,69.5,1.3
2021-09-25,32350,111642,49237564,47338602,915404,72.4,69.6,1.3
2021-09-26,4879,16985,49242443,47355587,917686,72.4,69.6,1.3
2021-09-27,31038,72771,49273481,47428358,965451,72.5,69.7,1.4
2021-09-28,33690,68613,49307171,47496971,1021418,72.5,69.8,1.5
2021-09-29,41339,96818,49348510,47593789,1075827,72.6,70.0,1.6
2021-09-30,33432,65502,49381942,47659291,1134818,72.6,70.1,1.7
2021-10-01,54407,95087,49436349,47754378,1198344,72.7,70.2,1.8
2021-10-02,36381,76959,49472730,47831337,1221543,72.8,70.3,1.8
2021-10-03,4735,10067,49477465,47841404,1224031,72.8,70.4,1.8
2021-10-04,31465,54877,49508930,47896281,1278498,72.8,70.4,1.9
2021-10-05,30852,57650,49539782,47953931,1342969,72.9,70.5,2.0
2021-10-06,39796,75133,49579578,48029064,1410635,72.9,70.6,2.1
2021-10-07,28098,55423,49607676,48084487,1478749,73.0,70.7,2.2
2021-10-08,45617,84198,49653293,48168685,1562970,73.0,70.8,2.3
2021-10-09,31442,59644,49684735,48228329,1596674,73.1,70.9,2.3
2021-10-10,4001,7049,49688736,48235378,1600092,73.1,70.9,2.4
2021-10-11,27878,46719,49716614,48282097,1663806,73.1,71.0,2.4
2021-10-12,28864,47607,49745478,48329704,1739205,73.2,71.1,2.6
2021-10-13,37221,58741,49782699,48388445,1818025,73.2,71.2,2.7
2021-10-14,27951,46283,49810650,48434728,1891288,73.3,71.2,2.8
2021-10-15,41814,65716,49852464,48500444,1993761,73.3,71.3,2.9
2021-10-16,29276,43427,49881740,48543871,2033144,73.4,71.4,3.0
2021-10-17,3193,4954,49884933,48548825,2036747,73.4,71.4,3.0
2021-10-18,26648,39104,49911581,48587929,2107627,73.4,71.5,3.1
2021-10-19,25043,39750,49936624,48627679,2188715,73.4,71.5,3.2
2021-10-20,32572,47887,49969196,48675566,2289687,73.5,71.6,3.4
2021-10-21,23738,38614,49992934,48714180,2378257,73.5,71.6,3.5
2021-10-22,35654,55343,50028588,48769523,2490249,73.6,71.7,3.7
2021-10-23,24992,39248,50053580,48808771,2538556,73.6,71.8,3.7
2021-10-24,2568,4363,50056148,48813134,2542388,73.6,71.8,3.7
2021-10-25,23996,32464,50080144,48845598,2628521,73.6,71.8,3.9
2021-10-26,21835,29519,50101979,48875117,2720282,73.7,71.9,4.0
2021-10-27,27813,40840,50129792,48915957,2834270,73.7,71.9,4.2
2021-10-28,21662,28384,50151454,48944341,2928208,73.8,72.0,4.3
2021-10-29,29245,42961,50180699,48987302,3052811,73.8,72.0,4.5
2021-10-30,18789,30356,50199488,49017658,3105885,73.8,72.1,4.6
2021-10-31,2118,3371,50201606,49021029,3109666,73.8,72.1,4.6
2021-11-01,6003,4123,50207609,49025152,3113054,73.8,72.1,4.6
2021-11-02,23691,33180,50231300,49058332,3212125,73.9,72.1,4.7
2021-11-03,27448,40207,50258748,49098539,3337264,73.9,72.2,4.9
2021-11-04,21588,28702,50280336,49127241,3450992,73.9,72.2,5.1
2021-11-05,29871,41475,50310207,49168716,3601519,74.0,72.3,5.3
2021-11-06,20052,30221,50330259,49198937,3669427,74.0,72.4,5.4
2021-11-07,2116,3491,50332375,49202428,3674908,74.0,72.4,5.4
2021-11-08,18660,28423,50351035,49230851,3808491,74.0,72.4,5.6
2021-11-09,20589,29912,50371624,49260763,3979869,74.1,72.4,5.9
2021-11-10,29256,40677,50400880,49301440,4177620,74.1,72.5,6.1
2021-11-11,3778,4735,50404658,49306175,4191296,74.1,72.5,6.2
2021-11-12,27209,38640,50431867,49344815,4387631,74.2,72.6,6.5
2021-11-13,18895,26088,50450762,49370903,4473433,74.2,72.6,6.6
2021-11-14,2091,2832,50452853,49373735,4481130,74.2,72.6,6.6
2021-11-15,18719,25218,50471572,49398953,4651676,74.2,72.6,6.8
2021-11-16,21717,25126,50493289,49424079,4865511,74.3,72.7,7.2
2021-11-17,28333,33552,50521622,49457631,5077252,74.3,72.7,7.5
2021-11-18,21515,26635,50543137,49484266,5281666,74.3,72.8,7.8
2021-11-19,31589,37010,50574726,49521276,5542464,74.4,72.8,8.2
2021-11-20,23810,26847,50598536,49548123,5651523,74.4,72.9,8.3
2021-11-21,2360,2790,50600896,49550913,5661900,74.4,72.9,8.3
2021-11-22,21049,16611,50621945,49567524,5855550,74.4,72.9,8.6
2021-11-23,23918,21636,50645863,49589160,6101821,74.5,72.9,9.0
2021-11-24,29846,31407,50675709,49620567,6343395,74.5,73.0,9.3
2021-11-25,23625,22448,50699334,49643015,6619598,74.6,73.0,9.7
2021-11-26,31205,34177,50730539,49677192,7031817,74.6,73.1,10.3
2021-11-27,22038,26061,50752577,49703253,7266870,74.6,73.1,10.7
2021-11-28,3101,3354,50755678,49706607,7329489,74.6,73.1,10.8
2021-11-29,17966,20437,50773644,49727044,7698519,74.7,73.1,11.3
2021-11-30,22854,23691,50796498,49750735,8196112,74.7,73.2,12.1
2021-12-01,24448,27731,50820946,49778466,8703131,74.7,73.2,12.8
2021-12-02,20046,17874,50840992,49796340,9273662,74.8,73.2,13.6
2021-12-03,23372,30368,50864364,49826708,9920084,74.8,73.3,14.6
2021-12-04,16883,22857,50881247,49849565,10286822,74.8,73.3,15.1
2021-12-05,3627,3896,50884874,49853461,10392637,74.8,73.3,15.3
2021-12-06,23377,21716,50908251,49875177,10928172,74.9,73.3,16.1
2021-12-07,21438,24428,50929689,49899605,11629191,74.9,73.4,17.1
2021-12-08,23432,30830,50953121,49930435,12271451,74.9,73.4,18.0
2021-12-09,22033,24976,50975154,49955411,12992510,75.0,73.5,19.1
2021-12-10,25678,33676,51000832,49989087,13792582,75.0,73.5,20.3
2021-12-11,18630,26388,51019462,50015475,14268850,75.0,73.6,21.0
2021-12-12,4975,5090,51024437,50020565,14425997,75.0,73.6,21.2
2021-12-13,19132,25213,51043569,50045778,15069407,75.1,73.6,22.2
2021-12-14,25178,29899,51068747,50075677,15910210,75.1,73.6,23.4
2021-12-15,25739,34309,51094486,50109986,16672524,75.1,73.7,24.5
2021-12-16,25282,29982,51119768,50139968,17510165,75.2,73.7,25.8
2021-12-17,28761,38253,51148529,50178221,18395103,75.2,73.8,27.1
2021-12-18,23259,26772,51171788,50204993,18912746,75.3,73.8,27.8
2021-12-19,7934,6345,51179722,50211338,19101418,75.3,73.8,28.1
2021-12-20,29018,28692,51208740,50240030,19752835,75.3,73.9,29.0
2021-12-21,36528,33439,51245268,50273469,20504690,75.4,73.9,30.2
2021-12-22,36649,31917,51281917,50305386,21139438,75.4,74.0,31.1
2021-12-23,30827,24922,51312744,50330308,21626613,75.5,74.0,31.8
2021-12-24,9472,9398,51322216,50339706,21750306,75.5,74.0,32.0
2021-12-25,633,1454,51322849,50341160,21758981,75.5,74.0,32.0
2021-12-26,4067,3571,51326916,50344731,21817805,75.5,74.0,32.1
2021-12-27,27803,28193,51354719,50372924,22319844,75.5,74.1,32.8
2021-12-28,35416,29981,51390135,50402905,22944022,75.6,74.1,33.7
2021-12-29,35091,26508,51425226,50429413,23496566,75.6,74.2,34.6
2021-12-30,32956,24695,51458182,50454108,23960299,75.7,74.2,35.2
2021-12-31,10927,9245,51469109,50463353,24089042,75.7,74.2,35.4
2022-01-01,1225,1416,51470334,50464769,24098630,75.7,74.2,35.4
2022-01-02,5122,3767,51475456,50468536,24163957,75.7,74.2,35.5
2022-01-03,34430,31412,51509886,50499948,24706813,75.7,74.3,36.3
2022-01-04,38618,35191,51548504,50535139,25411794,75.8,74.3,37.4
2022-01-05,57027,38658,51605531,50573797,26037428,75.9,74.4,38.3
2022-01-06,40838,35108,51646369,50608905,26739648,76.0,74.4,39.3
2022-01-07,47357,41703,51693726,50650608,27520746,76.0,74.5,40.5
2022-01-08,42590,31469,51736316,50682077,27987065,76.1,74.5,41.2
2022-01-09,14465,9561,51750781,50691638,28129706,76.1,74.5,41.4
2022-01-10,32409,35500,51783190,50727138,28643180,76.2,74.6,42.1
2022-01-11,38501,36505,51821691,50763643,29242664,76.2,74.7,43.0
2022-01-12,56826,43529,51878517,50807172,29738890,76.3,74.7,43.7
2022-01-13,34972,34629,51913489,50841801,30271460,76.3,74.8,44.5
2022-01-14,39351,37618,51952840,50879419,30891011,76.4,74.8,45.4
2022-01-15,36937,27294,51989777,50906713,31261766,76.5,74.9,46.0
2022-01-16,10341,7352,52000118,50914065,31358505,76.5,74.9,46.1
2022-01-17,22246,23766,52022364,50937831,31705416,76.5,74.9,46.6
2022-01-18,25692,27866,52048056,50965697,32095848,76.5,74.9,47.2
2022-01-19,40305,36026,52088361,51001723,32400643,76.6,75.0,47.6
2022-01-20,21303,25661,52109664,51027384,32722677,76.6,75.0,48.1
2022-01-21,25907,29008,52135571,51056392,33116804,76.7,75.1,48.7
2022-01-22,25725,23884,52161296,51080276,33353087,76.7,75.1,49.0
2022-01-23,5983,6269,52167279,51086545,33406391,76.7,75.1,49.1
2022-01-24,14512,22001,52181791,51108546,33639816,76.7,75.2,49.5
2022-01-25,17132,25637,52198923,51134183,33900950,76.8,75.2,49.9
2022-01-26,26213,37920,52225136,51172103,34125357,76.8,75.3,50.2
2022-01-27,14735,23576,52239871,51195679,34346425,76.8,75.3,50.5
2022-01-28,19520,40096,52259391,51235775,34661053,76.9,75.3,51.0
2022-01-29,17129,30162,52276520,51265937,34860699,76.9,75.4,51.3
2022-01-30,3958,8121,52280478,51274058,34904111,76.9,75.4,51.3
2022-01-31,9852,22637,52290330,51296695,35064049,76.9,75.4,51.6
2022-02-01,11230,22880,52301560,51319575,35249445,76.9,75.5,51.8
2022-02-02,18694,42213,52320254,51361788,35433930,76.9,75.5,52.1
2022-02-03,9870,22257,52330124,51384045,35602053,77.0,75.6,52.4
2022-02-04,12911,33790,52343035,51417835,35859395,77.0,75.6,52.7
2022-02-05,11626,29429,52354661,51447264,36026978,77.0,75.7,53.0
2022-02-06,2326,6368,52356987,51453632,36059394,77.0,75.7,53.0
2022-02-07,8241,21331,52365228,51474963,36230225,77.0,75.7,53.3
2022-02-08,8604,19300,52373832,51494263,36409658,77.0,75.7,53.5
2022-02-09,12903,33145,52386735,51527408,36597251,77.0,75.8,53.8
2022-02-10,7461,16889,52394196,51544297,36758925,77.1,75.8,54.1
2022-02-11,9348,23739,52403544,51568036,36995788,77.1,75.8,54.4
2022-02-12,7376,21173,52410920,51589209,37142954,77.1,75.9,54.6
2022-02-13,1588,3939,52412508,51593148,37172386,77.1,75.9,54.7
2022-02-14,5919,13192,52418427,51606340,37333209,77.1,75.9,54.9
2022-02-15,5833,14316,52424260,51620656,37490352,77.1,75.9,55.1
2022-02-16,8063,23982,52432323,51644638,37631483,77.1,75.9,55.3
2022-02-17,4605,11818,52436928,51656456,37722436,77.1,76.0,55.5
2022-02-18,5832,17199,52442760,51673655,37846803,77.1,76.0,55.7
2022-02-19,4517,14688,52447277,51688343,37920594,77.1,76.0,55.8
2022-02-20,845,2531,52448122,51690874,37933539,77.1,76.0,55.8
2022-02-21,3288,9048,52451410,51699922,37997092,77.1,76.0,55.9
2022-02-22,3636,10148,52455046,51710070,38058377,77.1,76.0,56.0
2022-02-23,5513,18074,52460559,51728144,38126524,77.1,76.1,56.1
2022-02-24,3101,8451,52463660,51736595,38176699,77.2,76.1,56.1
2022-02-25,4234,13517,52467894,51750112,38252505,77.2,76.1,56.3
2022-02-26,3257,11063,52471151,51761175,38300955,77.2,76.1,56.3
2022-02-27,635,1682,52471786,51762857,38309012,77.2,76.1,56.3
2022-02-28,2390,6502,52474176,51769359,38349032,77.2,76.1,56.4
2022-03-01,3090,6700,52477266,51776059,38390405,77.2,76.1,56.5
2022-03-02,4377,11596,52481643,51787655,38436208,77.2,76.2,56.5
2022-03-03,2171,5380,52483814,51793035,38463866,77.2,76.2,56.6
2022-03-04,2514,7530,52486328,51800565,38500769,77.2,76.2,56.6
2022-03-05,2546,6510,52488874,51807075,38524259,77.2,76.2,56.7
2022-03-06,360,855,52489234,51807930,38527339,77.2,76.2,56.7
2022-03-07,1902,3256,52491136,51811186,38543530,77.2,76.2,56.7
2022-03-08,1683,3791,52492819,51814977,38560188,77.2,76.2,56.7
2022-03-09,3039,7932,52495858,51822909,38580027,77.2,76.2,56.7
2022-03-10,1471,3694,52497329,51826603,38594390,77.2,76.2,56.8
2022-03-11,2030,4883,52499359,51831486,38615296,77.2,76.2,56.8
2022-03-12,2382,5061,52501741,51836547,38630841,77.2,76.2,56.8
2022-03-13,273,470,52502014,51837017,38632855,77.2,76.2,56.8
2022-03-14,1268,2426,52503282,51839443,38645792,77.2,76.2,56.8
2022-03-15,1366,3823,52504648,51843266,38659437,77.2,76.2,56.9
2022-03-16,2620,5588,52507268,51848854,38676466,77.2,76.2,56.9
2022-03-17,1184,2456,52508452,51851310,38687730,77.2,76.3,56.9
2022-03-18,1885,3612,52510337,51854922,38704925,77.2,76.3,56.9
2022-03-19,2054,3804,52512391,51858726,38716785,77.2,76.3,56.9
2022-03-20,261,452,52512652,51859178,38718497,77.2,76.3,56.9
2022-03-21,1162,1862,52513814,51861040,38729685,77.2,76.3,57.0
2022-03-22,1332,2262,52515146,51863302,38741560,77.2,76.3,57.0
2022-03-23,2359,4677,52517505,51867979,38757613,77.2,76.3,57.0
2022-03-24,1160,1899,52518665,51869878,38767708,77.2,76.3,57.0
2022-03-25,1819,3253,52520484,51873131,38783905,77.2,76.3,57.0
2022-03-26,2020,3514,52522504,51876645,38794910,77.2,76.3,57.1
2022-03-27,302,443,52522806,51877088,38796698,77.2,76.3,57.1
2022-03-28,1244,1814,52524050,51878902,38806722,77.2,76.3,57.1
2022-03-29,1228,1834,52525278,51880736,38818243,77.2,76.3,57.1
2022-03-30,2536,4294,52527814,51885030,38832594,77.2,76.3,57.1
2022-03-31,1377,2150,52529191,51887180,38844354,77.2,76.3,57.1
2022-04-01,2193,2586,52531384,51889766,38861914,77.3,76.3,57.1
2022-04-02,1352,1842,52532736,51891608,38870266,77.3,76.3,57.2
2022-04-03,259,313,52532995,51891921,38871761,77.3,76.3,57.2
2022-04-04,3355,1778,52536350,51893699,38882700,77.3,76.3,57.2
2022-04-05,2035,1762,52538385,51895461,38895351,77.3,76.3,57.2
2022-04-06,2213,2735,52540598,51898196,38907605,77.3,76.3,57.2
2022-04-07,1570,1713,52542168,51899909,38919970,77.3,76.3,57.2
2022-04-08,1980,2396,52544148,51902305,38937221,77.3,76.3,57.3
2022-04-09,1251,1750,52545399,51904055,38945736,77.3,76.3,57.3
2022-04-10,243,452,52545642,51904507,38947586,77.3,76.3,57.3
2022-04-11,1155,1457,52546797,51905964,38958429,77.3,76.3,57.3
2022-04-12,1407,1710,52548204,51907674,38971328,77.3,76.3,57.3
2022-04-13,1689,2405,52549893,51910079,38983756,77.3,76.3,57.3
2022-04-14,1320,1693,52551213,51911772,38996225,77.3,76.3,57.3
2022-04-15,1643,2247,52552856,51914019,39010460,77.3,76.3,57.4
2022-04-16,949,1152,52553805,51915171,39016417,77.3,76.3,57.4
2022-04-17,126,168,52553931,51915339,39017365,77.3,76.3,57.4
2022-04-18,150,293,52554081,51915632,39019836,77.3,76.3,57.4
2022-04-19,1338,1677,52555419,51917309,39031780,77.3,76.3,57.4
2022-04-20,1708,2346,52557127,51919655,39044104,77.3,76.4,57.4
2022-04-21,1291,1614,52558418,51921269,39056245,77.3,76.4,57.4
2022-04-22,1651,2162,52560069,51923431,39071378,77.3,76.4,57.5
2022-04-23,1026,1358,52561095,51924789,39078335,77.3,76.4,57.5
2022-04-24,202,281,52561297,51925070,39079667,77.3,76.4,57.5
2022-04-25,1147,1433,52562444,51926503,39089666,77.3,76.4,57.5
2022-04-26,1418,1768,52563862,51928271,39102361,77.3,76.4,57.5
2022-04-27,1711,2056,52565573,51930327,39113511,77.3,76.4,57.5
2022-04-28,1409,1681,52566982,51932008,39125306,77.3,76.4,57.5
2022-04-29,1773,2963,52568755,51934971,39139678,77.3,76.4,57.6
2022-04-30,1089,3183,52569844,51938154,39146147,77.3,76.4,57.6
2022-05-01,152,170,52569996,51938324,39146980,77.3,76.4,57.6
2022-05-02,1861,1720,52571857,51940044,39157139,77.3,76.4,57.6
2022-05-03,1760,1871,52573617,51941915,39170137,77.3,76.4,57.6
2022-05-04,1683,2030,52575300,51943945,39181829,77.3,76.4,57.6
2022-05-05,1512,1733,52576812,51945678,39194126,77.3,76.4,57.6
2022-05-06,1911,2078,52578723,51947756,39208439,77.3,76.4,57.7
2022-05-07,1088,1145,52579811,51948901,39214612,77.3,76.4,57.7
2022-05-08,224,224,52580035,51949125,39215764,77.3,76.4,57.7
2022-05-09,1186,1241,52581221,51950366,39224976,77.3,76.4,57.7
2022-05-10,1570,1975,52582791,51952341,39237462,77.3,76.4,57.7
2022-05-11,1756,2010,52584547,51954351,39247619,77.3,76.4,57.7
2022-05-12,1375,1551,52585922,51955902,39258243,77.3,76.4,57.7
2022-05-13,1743,1852,52587665,51957754,39271091,77.3,76.4,57.8
2022-05-14,1021,1104,52588686,51958858,39276596,77.3,76.4,57.8
2022-05-15,217,206,52588903,51959064,39277846,77.3,76.4,57.8
2022-05-16,1018,1085,52589921,51960149,39286018,77.3,76.4,57.8
2022-05-17,1367,1479,52591288,51961628,39296871,77.3,76.4,57.8
2022-05-18,1406,1655,52592694,51963283,39306038,77.3,76.4,57.8
2022-05-19,1112,1378,52593806,51964661,39316283,77.3,76.4,57.8
2022-05-20,1426,1736,52595232,51966397,39328539,77.3,76.4,57.8
2022-05-21,917,1122,52596149,51967519,39333797,77.3,76.4,57.8
2022-05-22,181,217,52596330,51967736,39334768,77.3,76.4,57.8
2022-05-23,880,1158,52597210,51968894,39342992,77.3,76.4,57.9
2022-05-24,1157,1474,52598367,51970368,39353638,77.4,76.4,57.9
2022-05-25,1417,1796,52599784,51972164,39362623,77.4,76.4,57.9
2022-05-26,150,212,52599934,51972376,39364065,77.4,76.4,57.9
2022-05-27,1123,1420,52601057,51973796,39372507,77.4,76.4,57.9
2022-05-28,504,730,52601561,51974526,39376249,77.4,76.4,57.9
2022-05-29,112,172,52601673,51974698,39376977,77.4,76.4,57.9
2022-05-30,763,1028,52602436,51975726,39383549,77.4,76.4,57.9
2022-05-31,1132,1376,52603568,51977102,39392804,77.4,76.4,57.9
2022-06-01,1363,1901,52604931,51979003,39402857,77.4,76.4,57.9
2022-06-02,1048,1414,52605979,51980417,39413057,77.4,76.4,58.0
2022-06-03,1342,1763,52607321,51982180,39425028,77.4,76.4,58.0
2022-06-04,746,940,52608067,51983120,39429847,77.4,76.4,58.0
2022-06-05,126,174,52608193,51983294,39430662,77.4,76.4,58.0
2022-06-06,658,783,52608851,51984077,39432526,77.4,76.4,58.0
2022-06-07,1118,1507,52609969,51985584,39441484,77.4,76.4,58.0
2022-06-08,1246,1629,52611215,51987213,39449991,77.4,76.5,58.0
2022-06-09,1000,1311,52612215,51988524,39459538,77.4,76.5,58.0
2022-06-10,1246,1812,52613461,51990336,39471459,77.4,76.5,58.0
2022-06-11,762,990,52614223,51991326,39476603,77.4,76.5,58.1
2022-06-12,139,207,52614362,51991533,39477678,77.4,76.5,58.1
2022-06-13,844,1087,52615206,51992620,39484479,77.4,76.5,58.1
2022-06-14,1031,1319,52616237,51993939,39493809,77.4,76.5,58.1
2022-06-15,1169,1573,52617406,51995512,39502202,77.4,76.5,58.1
2022-06-16,872,1014,52618278,51996526,39510949,77.4,76.5,58.1
2022-06-17,1131,1480,52619409,51998006,39522093,77.4,76.5,58.1
2022-06-18,671,875,52620080,51998881,39526345,77.4,76.5,58.1
2022-06-19,129,164,52620209,51999045,39527409,77.4,76.5,58.1
2022-06-20,778,958,52620987,52000003,39535328,77.4,76.5,58.1
2022-06-21,955,1219,52621942,52001222,39544223,77.4,76.5,58.2
2022-06-22,1111,1515,52623053,52002737,39552244,77.4,76.5,58.2
2022-06-23,910,1085,52623963,52003822,39561669,77.4,76.5,58.2
2022-06-24,1121,1453,52625084,52005275,39573402,77.4,76.5,58.2
2022-06-25,726,909,52625810,52006184,39579107,77.4,76.5,58.2
2022-06-26,163,203,52625973,52006387,39580780,77.4,76.5,58.2
2022-06-27,819,936,52626792,52007323,39589904,77.4,76.5,58.2
2022-06-28,1096,1310,52627888,52008633,39602504,77.4,76.5,58.2
2022-06-29,1342,1570,52629230,52010203,39613343,77.4,76.5,58.3
2022-06-30,1161,1341,52630391,52011544,39625355,77.4,76.5,58.3
2022-07-01,1524,1873,52631915,52013417,39643085,77.4,76.5,58.3
2022-07-02,829,906,52632744,52014323,39650454,77.4,76.5,58.3
2022-07-03,210,246,52632954,52014569,39652279,77.4,76.5,58.3
2022-07-04,1469,1849,52634423,52016418,39664639,77.4,76.5,58.3
2022-07-05,1325,1460,52635748,52017878,39680039,77.4,76.5,58.4
2022-07-06,1392,1478,52637140,52019356,39693186,77.4,76.5,58.4
2022-07-07,1290,1406,52638430,52020762,39707431,77.4,76.5,58.4
2022-07-08,1400,1482,52639830,52022244,39723569,77.4,76.5,58.4
2022-07-09,669,706,52640499,52022950,39729977,77.4,76.5,58.4
2022-07-10,191,343,52640690,52023293,39731984,77.4,76.5,58.4
2022-07-11,1008,1090,52641698,52024383,39743990,77.4,76.5,58.4
2022-07-12,1327,1374,52643025,52025757,39760123,77.4,76.5,58.5
2022-07-13,1281,1338,52644306,52027095,39772833,77.4,76.5,58.5
2022-07-14,114,161,52644420,52027256,39774535,77.4,76.5,58.5
2022-07-15,993,1116,52645413,52028372,39786561,77.4,76.5,58.5
2022-07-16,441,552,52645854,52028924,39791460,77.4,76.5,58.5
2022-07-17,115,141,52645969,52029065,39792938,77.4,76.5,58.5
2022-07-18,761,998,52646730,52030063,39802275,77.4,76.5,58.5
2022-07-19,983,1094,52647713,52031157,39814076,77.4,76.5,58.6
2022-07-20,1013,1120,52648726,52032277,39824329,77.4,76.5,58.6
2022-07-21,878,1040,52649604,52033317,39834472,77.4,76.5,58.6
2022-07-22,989,1147,52650593,52034464,39845963,77.4,76.5,58.6
2022-07-23,490,645,52651083,52035109,39850577,77.4,76.5,58.6
2022-07-24,120,155,52651203,52035264,39851740,77.4,76.5,58.6
2022-07-25,732,888,52651935,52036152,39859182,77.4,76.5,58.6
2022-07-26,885,1043,52652820,52037195,39869550,77.4,76.5,58.6
2022-07-27,838,1019,52653658,52038214,39877711,77.4,76.5,58.6
2022-07-28,747,945,52654405,52039159,39885572,77.4,76.5,58.7
2022-07-29,896,1059,52655301,52040218,39893921,77.4,76.5,58.7
2022-07-30,326,450,52655627,52040668,39896752,77.4,76.5,58.7
2022-07-31,86,130,52655713,52040798,39897471,77.4,76.5,58.7
2022-08-01,684,945,52656397,52041743,39903247,77.4,76.5,58.7
2022-08-02,698,824,52657095,52042567,39909772,77.4,76.5,58.7
2022-08-03,578,685,52657673,52043252,39914618,77.4,76.5,58.7
2022-08-04,482,581,52658155,52043833,39919667,77.4,76.5,58.7
2022-08-05,600,754,52658755,52044587,39925035,77.4,76.5,58.7
2022-08-06,234,292,52658989,52044879,39926675,77.4,76.5,58.7
2022-08-07,51,83,52659040,52044962,39927077,77.4,76.5,58.7
2022-08-08,432,687,52659472,52045649,39930119,77.4,76.5,58.7
2022-08-09,516,663,52659988,52046312,39934639,77.4,76.5,58.7
2022-08-10,427,753,52660415,52047065,39938147,77.4,76.5,58.7
2022-08-11,441,533,52660856,52047598,39941630,77.4,76.5,58.7
2022-08-12,583,661,52661439,52048259,39945296,77.4,76.5,58.7
2022-08-13,246,251,52661685,52048510,39946343,77.4,76.5,58.7
2022-08-14,42,70,52661727,52048580,39946556,77.4,76.5,58.7
2022-08-15,77,140,52661804,52048720,39946984,77.4,76.5,58.7
2022-08-16,421,609,52662225,52049329,39950119,77.4,76.5,58.8
2022-08-17,448,599,52662673,52049928,39953192,77.4,76.5,58.8
2022-08-18,425,599,52663098,52050527,39956253,77.4,76.5,58.8
2022-08-19,388,627,52663486,52051154,39959704,77.4,76.5,58.8
2022-08-20,212,283,52663698,52051437,39960776,77.4,76.5,58.8
2022-08-21,59,59,52663757,52051496,39961012,77.4,76.5,58.8
2022-08-22,395,567,52664152,52052063,39963551,77.4,76.5,58.8
2022-08-23,491,650,52664643,52052713,39966967,77.4,76.5,58.8
2022-08-24,438,563,52665081,52053276,39969624,77.4,76.5,58.8
2022-08-25,439,564,52665520,52053840,39972709,77.4,76.5,58.8
2022-08-26,569,727,52666089,52054567,39976163,77.5,76.6,58.8
2022-08-27,217,271,52666306,52054838,39977340,77.5,76.6,58.8
2022-08-28,67,67,52666373,52054905,39977597,77.5,76.6,58.8
2022-08-29,458,590,52666831,52055495,39980036,77.5,76.6,58.8
2022-08-30,617,693,52667448,52056188,39983769,77.5,76.6,58.8
2022-08-31,512,573,52667960,52056761,39986340,77.5,76.6,58.8
2022-09-01,542,532,52668502,52057293,39989822,77.5,76.6,58.8
2022-09-02,720,672,52669222,52057965,39993827,77.5,76.6,58.8
2022-09-03,326,341,52669548,52058306,39995370,77.5,76.6,58.8
2022-09-04,97,65,52669645,52058371,39995697,77.5,76.6,58.8
2022-09-05,532,534,52670177,52058905,39998098,77.5,76.6,58.8
2022-09-06,679,517,52670856,52059422,40001748,77.5,76.6,58.8
2022-09-07,533,438,52671389,52059860,40004083,77.5,76.6,58.8
2022-09-08,426,399,52671815,52060259,40007069,77.5,76.6,58.8
2022-09-09,624,506,52672439,52060765,40010585,77.5,76.6,58.8
2022-09-10,290,367,52672729,52061132,40012018,77.5,76.6,58.8
2022-09-11,79,60,52672808,52061192,40012296,77.5,76.6,58.8
2022-09-12,342,314,52673150,52061506,40014400,77.5,76.6,58.8
2022-09-13,474,437,52673624,52061943,40017701,77.5,76.6,58.8
2022-09-14,530,455,52674154,52062398,40020012,77.5,76.6,58.9
2022-09-15,417,432,52674571,52062830,40022822,77.5,76.6,58.9
2022-09-16,573,560,52675144,52063390,40026166,77.5,76.6,58.9
2022-09-17,306,306,52675450,52063696,40027377,77.5,76.6,58.9
2022-09-18,68,82,52675518,52063778,40027646,77.5,76.6,58.9
2022-09-19,335,343,52675853,52064121,40029459,77.5,76.6,58.9
2022-09-20,448,491,52676301,52064612,40032431,77.5,76.6,58.9
2022-09-21,435,467,52676736,52065079,40034661,77.5,76.6,58.9
2022-09-22,441,440,52677177,52065519,40037358,77.5,76.6,58.9
2022-09-23,622,598,52677799,52066117,40040909,77.5,76.6,58.9
2022-09-24,337,394,52678136,52066511,40042260,77.5,76.6,58.9
2022-09-25,69,118,52678205,52066629,40042536,77.5,76.6,58.9
2022-09-26,320,351,52678525,52066980,40044419,77.5,76.6,58.9
2022-09-27,439,474,52678964,52067454,40047192,77.5,76.6,58.9
2022-09-28,460,494,52679424,52067948,40049377,77.5,76.6,58.9
2022-09-29,407,436,52679831,52068384,40051911,77.5,76.6,58.9
2022-09-30,558,673,52680389,52069057,40055079,77.5,76.6,58.9
2022-10-01,320,429,52680709,52069486,40056691,77.5,76.6,58.9
2022-10-02,44,67,52680753,52069553,40056882,77.5,76.6,58.9
2022-10-03,440,600,52681193,52070153,40058896,77.5,76.6,58.9
2022-10-04,519,441,52681712,52070594,40061503,77.5,76.6,58.9
2022-10-05,459,489,52682171,52071083,40063520,77.5,76.6,58.9
2022-10-06,384,403,52682555,52071486,40065917,77.5,76.6,58.9
2022-10-07,538,577,52683093,52072063,40069237,77.5,76.6,58.9
2022-10-08,266,296,52683359,52072359,40070567,77.5,76.6,58.9
2022-10-09,65,73,52683424,52072432,40070854,77.5,76.6,58.9
2022-10-10,322,463,52683746,52072895,40073170,77.5,76.6,58.9
2022-10-11,398,419,52684144,52073314,40076590,77.5,76.6,58.9
2022-10-12,416,497,52684560,52073811,40079222,77.5,76.6,58.9
2022-10-13,412,446,52684972,52074257,40082218,77.5,76.6,58.9
2022-10-14,519,595,52685491,52074852,40086002,77.5,76.6,59.0
2022-10-15,234,323,52685725,52075175,40087532,77.5,76.6,59.0
2022-10-16,61,52,52685786,52075227,40087860,77.5,76.6,59.0
2022-10-17,280,346,52686066,52075573,40090194,77.5,76.6,59.0
2022-10-18,368,388,52686434,52075961,40093782,77.5,76.6,59.0
2022-10-19,395,484,52686829,52076445,40096707,77.5,76.6,59.0
2022-10-20,396,443,52687225,52076888,40100283,77.5,76.6,59.0
2022-10-21,450,538,52687675,52077426,40104625,77.5,76.6,59.0
2022-10-22,229,242,52687904,52077668,40105895,77.5,76.6,59.0
2022-10-23,53,61,52687957,52077729,40106142,77.5,76.6,59.0
2022-10-24,364,299,52688321,52078028,40108681,77.5,76.6,59.0
2022-10-25,391,389,52688712,52078417,40112343,77.5,76.6,59.0
2022-10-26,349,359,52689061,52078776,40115137,77.5,76.6,59.0
2022-10-27,418,394,52689479,52079170,40118362,77.5,76.6,59.0
2022-10-28,464,481,52689943,52079651,40121719,77.5,76.6,59.0
2022-10-29,164,184,52690107,52079835,40122754,77.5,76.6,59.0
2022-10-30,51,68,52690158,52079903,40122982,77.5,76.6,59.0
2022-10-31,253,261,52690411,52080164,40124527,77.5,76.6,59.0
2022-11-01,86,106,52690497,52080270,40125322,77.5,76.6,59.0
2022-11-02,357,379,52690854,52080649,40127741,77.5,76.6,59.0
2022-11-03,440,409,52691294,52081058,40130730,77.5,76.6,59.0
2022-11-04,433,433,52691727,52081491,40134089,77.5,76.6,59.0
2022-11-05,173,235,52691900,52081726,40135175,77.5,76.6,59.0
2022-11-06,58,75,52691958,52081801,40135396,77.5,76.6,59.0
2022-11-07,360,374,52692318,52082175,40137518,77.5,76.6,59.0
2022-11-08,441,428,52692759,52082603,40141225,77.5,76.6,59.0
2022-11-09,370,411,52693129,52083014,40143813,77.5,76.6,59.0
2022-11-10,416,567,52693545,52083581,40147286,77.5,76.6,59.0
2022-11-11,49,61,52693594,52083642,40147560,77.5,76.6,59.0
2022-11-12,136,183,52693730,52083825,40148463,77.5,76.6,59.0
2022-11-13,38,68,52693768,52083893,40148651,77.5,76.6,59.0
2022-11-14,310,277,52694078,52084170,40150602,77.5,76.6,59.0
2022-11-15,410,553,52694488,52084723,40153872,77.5,76.6,59.0
2022-11-16,391,431,52694879,52085154,40156349,77.5,76.6,59.1
2022-11-17,349,388,52695228,52085542,40159231,77.5,76.6,59.1
2022-11-18,430,466,52695658,52086008,40162537,77.5,76.6,59.1
2022-11-19,180,209,52695838,52086217,40163580,77.5,76.6,59.1
2022-11-20,43,117,52695881,52086334,40163825,77.5,76.6,59.1
2022-11-21,292,259,52696173,52086593,40165684,77.5,76.6,59.1
2022-11-22,381,348,52696554,52086941,40168699,77.5,76.6,59.1
2022-11-23,343,322,52696897,52087263,40170922,77.5,76.6,59.1
2022-11-24,335,324,52697232,52087587,40173782,77.5,76.6,59.1
2022-11-25,396,442,52697628,52088029,40176812,77.5,76.6,59.1
2022-11-26,195,193,52697823,52088222,40177820,77.5,76.6,59.1
2022-11-27,40,43,52697863,52088265,40178028,77.5,76.6,59.1
2022-11-28,303,282,52698166,52088547,40179916,77.5,76.6,59.1
2022-11-29,341,277,52698507,52088824,40183092,77.5,76.6,59.1
2022-11-30,355,384,52698862,52089208,40185878,77.5,76.6,59.1
2022-12-01,356,341,52699218,52089549,40189575,77.5,76.6,59.1
2022-12-02,413,373,52699631,52089922,40193794,77.5,76.6,59.1
2022-12-03,201,162,52699832,52090084,40195348,77.5,76.6,59.1
2022-12-04,59,69,52699891,52090153,40195762,77.5,76.6,59.1
2022-12-05,323,353,52700214,52090506,40198570,77.5,76.6,59.1
2022-12-06,406,356,52700620,52090862,40203074,77.5,76.6,59.1
2022-12-07,386,373,52701006,52091235,40206558,77.5,76.6,59.1
2022-12-08,379,338,52701385,52091573,40211037,77.5,76.6,59.1
2022-12-09,479,399,52701864,52091972,40216590,77.5,76.6,59.1
2022-12-10,249,291,52702113,52092263,40218951,77.5,76.6,59.1
2022-12-11,75,59,52702188,52092322,40219609,77.5,76.6,59.1
2022-12-12,314,275,52702502,52092597,40223609,77.5,76.6,59.2
2022-12-13,442,355,52702944,52092952,40229063,77.5,76.6,59.2
2022-12-14,382,365,52703326,52093317,40233468,77.5,76.6,59.2
2022-12-15,431,445,52703757,52093762,40238997,77.5,76.6,59.2
2022-12-16,537,485,52704294,52094247,40245258,77.5,76.6,59.2
2022-12-17,224,212,52704518,52094459,40247457,77.5,76.6,59.2
2022-12-18,53,46,52704571,52094505,40247966,77.5,76.6,59.2
2022-12-19,374,311,52704945,52094816,40251489,77.5,76.6,59.2
2022-12-20,466,363,52705411,52095179,40256545,77.5,76.6,59.2
2022-12-21,382,325,52705793,52095504,40259984,77.5,76.6,59.2
2022-12-22,371,307,52706164,52095811,40263261,77.5,76.6,59.2
2022-12-23,290,306,52706454,52096117,40265716,77.5,76.6,59.2
2022-12-24,52,49,52706506,52096166,40266028,77.5,76.6,59.2
2022-12-25,14,17,52706520,52096183,40266113,77.5,76.6,59.2
2022-12-26,205,199,52706725,52096382,40267809,77.5,76.6,59.2
2022-12-27,318,318,52707043,52096700,40270584,77.5,76.6,59.2
2022-12-28,274,241,52707317,52096941,40272774,77.5,76.6,59.2
2022-12-29,293,268,52707610,52097209,40275080,77.5,76.6,59.2
2022-12-30,273,257,52707883,52097466,40276868,77.5,76.6,59.2
2022-12-31,82,85,52707965,52097551,40277244,77.5,76.6,59.2
2023-01-01,11,18,52707976,52097569,40277378,77.5,76.6,59.2
2023-01-02,639,318,52708615,52097887,40279497,77.5,76.6,59.2
2023-01-03,391,330,52709006,52098217,40282667,77.5,76.6,59.2
2023-01-04,356,300,52709362,52098517,40285287,77.5,76.6,59.2
2023-01-05,396,391,52709758,52098908,40288335,77.5,76.6,59.2
2023-01-06,495,437,52710253,52099345,40291850,77.5,76.6,59.3
2023-01-07,229,212,52710482,52099557,40293175,77.5,76.6,59.3
2023-01-08,75,66,52710557,52099623,40293489,77.5,76.6,59.3
2023-01-09,369,345,52710926,52099968,40295463,77.5,76.6,59.3
2023-01-10,381,418,52711307,52100386,40298726,77.5,76.6,59.3
2023-01-11,323,315,52711630,52100701,40300912,77.5,76.6,59.3
2023-01-12,408,358,52712038,52101059,40303653,77.5,76.6,59.3
2023-01-13,558,413,52712596,52101472,40306678,77.5,76.6,59.3
2023-01-14,262,181,52712858,52101653,40307796,77.5,76.6,59.3
2023-01-15,61,57,52712919,52101710,40308056,77.5,76.6,59.3
2023-01-16,275,244,52713194,52101954,40309698,77.5,76.6,59.3
2023-01-17,304,304,52713498,52102258,40312141,77.5,76.6,59.3
2023-01-18,331,307,52713829,52102565,40313893,77.5,76.6,59.3
2023-01-19,347,265,52714176,52102830,40315933,77.5,76.6,59.3
2023-01-20,455,384,52714631,52103214,40318444,77.5,76.6,59.3
2023-01-21,190,179,52714821,52103393,40319275,77.5,76.6,59.3
2023-01-22,29,27,52714850,52103420,40319421,77.5,76.6,59.3
2023-01-23,209,204,52715059,52103624,40320644,77.5,76.6,59.3
2023-01-24,291,254,52715350,52103878,40322484,77.5,76.6,59.3
2023-01-25,293,315,52715643,52104193,40323893,77.5,76.6,59.3
2023-01-26,297,272,52715940,52104465,40325597,77.5,76.6,59.3
2023-01-27,364,744,52716304,52105209,40327518,77.5,76.6,59.3
2023-01-28,176,182,52716480,52105391,40328181,77.5,76.6,59.3
2023-01-29,30,40,52716510,52105431,40328266,77.5,76.6,59.3
2023-01-30,265,236,52716775,52105667,40329316,77.5,76.6,59.3
2023-01-31,297,260,52717072,52105927,40330783,77.5,76.6,59.3
2023-02-01,274,320,52717346,52106247,40332120,77.5,76.6,59.3
2023-02-02,269,262,52717615,52106509,40333489,77.5,76.6,59.3
2023-02-03,326,378,52717941,52106887,40335063,77.5,76.6,59.3
2023-02-04,137,179,52718078,52107066,40335583,77.5,76.6,59.3
2023-02-05,14,37,52718092,52107103,40335667,77.5,76.6,59.3
2023-02-06,228,218,52718320,52107321,40336484,77.5,76.6,59.3
2023-02-07,243,280,52718563,52107601,40337737,77.5,76.6,59.3
2023-02-08,214,240,52718777,52107841,40338601,77.5,76.6,59.3
2023-02-09,228,250,52719005,52108091,40339643,77.5,76.6,59.3
2023-02-10,309,321,52719314,52108412,40340851,77.5,76.6,59.3
2023-02-11,127,138,52719441,52108550,40341333,77.5,76.6,59.3
2023-02-12,26,39,52719467,52108589,40341380,77.5,76.6,59.3
2023-02-13,181,201,52719648,52108790,40342020,77.5,76.6,59.3
2023-02-14,205,210,52719853,52109000,40342973,77.5,76.6,59.3
2023-02-15,213,230,52720066,52109230,40343769,77.5,76.6,59.3
2023-02-16,177,213,52720243,52109443,40344739,77.5,76.6,59.3
2023-02-17,275,284,52720518,52109727,40345813,77.5,76.6,59.3
2023-02-18,121,131,52720639,52109858,40346263,77.5,76.6,59.3
2023-02-19,30,31,52720669,52109889,40346300,77.5,76.6,59.3
2023-02-20,168,192,52720837,52110081,40346923,77.5,76.6,59.3
2023-02-21,188,196,52721025,52110277,40347805,77.5,76.6,59.3
2023-02-22,168,216,52721193,52110493,40348458,77.5,76.6,59.3
2023-02-23,148,200,52721341,52110693,40349258,77.5,76.6,59.3
2023-02-24,200,250,52721541,52110943,40350124,77.5,76.6,59.3
2023-02-25,93,114,52721634,52111057,40350464,77.5,76.6,59.3
2023-02-26,9,14,52721643,52111071,40350499,77.5,76.6,59.3
2023-02-27,151,202,52721794,52111273,40351048,77.5,76.6,59.3
2023-02-28,188,193,52721982,52111466,40351806,77.5,76.6,59.3
2023-03-01,162,217,52722144,52111683,40352478,77.5,76.6,59.3
2023-03-02,163,187,52722307,52111870,40353155,77.5,76.6,59.3
2023-03-03,235,276,52722542,52112146,40354023,77.5,76.6,59.3
2023-03-04,94,130,52722636,52112276,40354389,77.5,76.6,59.3
2023-03-05,19,17,52722655,52112293,40354416,77.5,76.6,59.3
2023-03-06,170,143,52722825,52112436,40354877,77.5,76.6,59.3
2023-03-07,133,177,52722958,52112613,40355445,77.5,76.6,59.3
2023-03-08,109,185,52723067,52112798,40355881,77.5,76.6,59.3
2023-03-09,133,145,52723200,52112943,40356435,77.5,76.6,59.3
2023-03-10,233,264,52723433,52113207,40357200,77.5,76.6,59.3
2023-03-11,93,112,52723526,52113319,40357488,77.5,76.6,59.3
2023-03-12,6,20,52723532,52113339,40357512,77.5,76.6,59.3
2023-03-13,96,139,52723628,52113478,40357913,77.5,76.6,59.3
2023-03-14,142,152,52723770,52113630,40358497,77.5,76.6,59.4
2023-03-15,116,160,52723886,52113790,40358948,77.5,76.6,59.4
2023-03-16,119,159,52724005,52113949,40359483,77.5,76.6,59.4
2023-03-17,215,211,52724220,52114160,40360160,77.5,76.6,59.4
2023-03-18,101,90,52724321,52114250,40360543,77.5,76.6,59.4
2023-03-19,16,20,52724337,52114270,40360557,77.5,76.6,59.4
2023-03-20,101,137,52724438,52114407,40361009,77.5,76.6,59.4
2023-03-21,151,148,52724589,52114555,40361605,77.5,76.6,59.4
2023-03-22,125,142,52724714,52114697,40362049,77.5,76.6,59.4
2023-03-23,116,121,52724830,52114818,40362553,77.5,76.6,59.4
2023-03-24,174,219,52725004,52115037,40363351,77.5,76.6,59.4
2023-03-25,98,108,52725102,52115145,40363639,77.5,76.6,59.4
2023-03-26,8,8,52725110,52115153,40363662,77.5,76.6,59.4
2023-03-27,145,148,52725255,52115301,40364131,77.5,76.6,59.4
2023-03-28,127,125,52725382,52115426,40364640,77.5,76.6,59.4
2023-03-29,128,126,52725510,52115552,40365068,77.5,76.6,59.4
2023-03-30,126,126,52725636,52115678,40365597,77.5,76.6,59.4
2023-03-31,148,231,52725784,52115909,40366202,77.5,76.6,59.4
2023-04-01,71,95,52725855,52116004,40366563,77.5,76.6,59.4
2023-04-02,7,10,52725862,52116014,40366594,77.5,76.6,59.4
2023-04-03,132,126,52725994,52116140,40367039,77.5,76.6,59.4
2023-04-04,89,138,52726083,52116278,40367475,77.5,76.6,59.4
2023-04-05,72,110,52726155,52116388,40367837,77.5,76.6,59.4
2023-04-06,116,97,52726271,52116485,40368210,77.5,76.6,59.4
2023-04-07,132,169,52726403,52116654,40368692,77.5,76.6,59.4
2023-04-08,45,69,52726448,52116723,40368914,77.5,76.6,59.4
2023-04-09,2,9,52726450,52116732,40368936,77.5,76.6,59.4
2023-04-10,9,17,52726459,52116749,40368978,77.5,76.6,59.4
2023-04-11,76,118,52726535,52116867,40369446,77.5,76.6,59.4
2023-04-12,87,105,52726622,52116972,40369802,77.5,76.6,59.4
2023-04-13,72,106,52726694,52117078,40370179,77.5,76.6,59.4
2023-04-14,129,177,52726823,52117255,40370696,77.5,76.6,59.4
2023-04-15,52,62,52726875,52117317,40370912,77.5,76.6,59.4
2023-04-16,10,12,52726885,52117329,40370928,77.5,76.6,59.4
2023-04-17,85,101,52726970,52117430,40371286,77.5,76.6,59.4
2023-04-18,95,93,52727065,52117523,40371669,77.5,76.6,59.4
2023-04-19,75,104,52727140,52117627,40371934,77.5,76.6,59.4
2023-04-20,76,96,52727216,52117723,40372248,77.5,76.6,59.4
2023-04-21,107,137,52727323,52117860,40372741,77.5,76.6,59.4
2023-04-22,41,57,52727364,52117917,40372923,77.5,76.6,59.4
2023-04-23,1,4,52727365,52117921,40372938,77.5,76.6,59.4
2023-04-24,93,89,52727458,52118010,40373203,77.5,76.6,59.4
2023-04-25,84,89,52727542,52118099,40373543,77.5,76.6,59.4
2023-04-26,81,83,52727623,52118182,40373797,77.5,76.6,59.4
2023-04-27,96,94,52727719,52118276,40374127,77.5,76.6,59.4
2023-04-28,141,118,52727860,52118394,40374528,77.5,76.6,59.4
2023-04-29,65,63,52727925,52118457,40374659,77.5,76.6,59.4
2023-04-30,7,4,52727932,52118461,40374668,77.5,76.6,59.4
2023-05-01,11,10,52727943,52118471,40374713,77.5,76.6,59.4
2023-05-02,147,121,52728090,52118592,40375126,77.5,76.6,59.4
2023-05-03,103,78,52728193,52118670,40375384,77.5,76.6,59.4
2023-05-04,60,97,52728253,52118767,40375788,77.5,76.6,59.4
2023-05-05,91,101,52728344,52118868,40376140,77.5,76.6,59.4
2023-05-06,42,42,52728386,52118910,40376274,77.5,76.6,59.4
2023-05-07,8,7,52728394,52118917,40376284,77.5,76.6,59.4
2023-05-08,15,11,52728409,52118928,40376307,77.5,76.6,59.4
2023-05-09,50,68,52728459,52118996,40376536,77.5,76.6,59.4
2023-05-10,80,77,52728539,52119073,40376761,77.5,76.6,59.4
2023-05-11,67,60,52728606,52119133,40376956,77.5,76.6,59.4
2023-05-12,58,81,52728664,52119214,40377217,77.5,76.6,59.4
2023-05-13,35,40,52728699,52119254,40377344,77.5,76.6,59.4
2023-05-14,4,5,52728703,52119259,40377353,77.5,76.6,59.4
2023-05-15,41,44,52728744,52119303,40377522,77.5,76.6,59.4
2023-05-16,64,91,52728808,52119394,40377754,77.5,76.6,59.4
2023-05-17,59,88,52728867,52119482,40377944,77.5,76.6,59.4
2023-05-18,4,6,52728871,52119488,40377955,77.5,76.6,59.4
2023-05-19,48,67,52728919,52119555,40378171,77.5,76.6,59.4
2023-05-20,29,24,52728948,52119579,40378261,77.5,76.6,59.4
2023-05-21,8,6,52728956,52119585,40378267,77.5,76.6,59.4
2023-05-22,73,39,52729029,52119624,40378435,77.5,76.6,59.4
2023-05-23,39,51,52729068,52119675,40378602,77.5,76.6,59.4
2023-05-24,47,58,52729115,52119733,40378762,77.5,76.6,59.4
2023-05-25,54,56,52729169,52119789,40378926,77.5,76.6,59.4
2023-05-26,66,82,52729235,52119871,40379149,77.5,76.6,59.4
2023-05-27,23,41,52729258,52119912,40379219,77.5,76.6,59.4
2023-05-28,3,5,52729261,52119917,40379222,77.5,76.6,59.4
2023-05-29,5,3,52729266,52119920,40379230,77.5,76.6,59.4
2023-05-30,68,44,52729334,52119964,40379407,77.5,76.6,59.4
2023-05-31,52,57,52729386,52120021,40379548,77.5,76.6,59.4
2023-06-01,62,58,52729448,52120079,40379732,77.5,76.6,59.4
2023-06-02,51,61,52729499,52120140,40379943,77.5,76.6,59.4
2023-06-03,16,25,52729515,52120165,40380017,77.5,76.6,59.4
2023-06-04,0,4,52729515,52120169,40380025,77.5,76.6,59.4
2023-06-05,82,55,52729597,52120224,40380205,77.5,76.6,59.4
2023-06-06,69,81,52729666,52120305,40380466,77.5,76.6,59.4
2023-06-07,43,50,52729709,52120355,40380610,77.5,76.6,59.4
2023-06-08,59,60,52729768,52120415,40380809,77.5,76.6,59.4
2023-06-09,46,90,52729814,52120505,40380992,77.5,76.6,59.4
2023-06-10,23,21,52729837,52120526,40381050,77.5,76.6,59.4
2023-06-11,1,5,52729838,52120531,40381058,77.5,76.6,59.4
2023-06-12,23,63,52729861,52120594,40381220,77.5,76.6,59.4
2023-06-13,48,46,52729909,52120640,40381419,77.5,76.6,59.4
2023-06-14,36,86,52729945,52120726,40381560,77.5,76.6,59.4
2023-06-15,41,49,52729986,52120775,40381746,77.5,76.6,59.4
2023-06-16,52,62,52730038,52120837,40381896,77.5,76.6,59.4
2023-06-17,14,30,52730052,52120867,40381948,77.5,76.6,59.4
2023-06-18,2,5,52730054,52120872,40381955,77.5,76.6,59.4
2023-06-19,45,37,52730099,52120909,40382110,77.5,76.6,59.4
2023-06-20,85,44,52730184,52120953,40382313,77.5,76.6,59.4
2023-06-21,31,47,52730215,52121000,40382513,77.5,76.6,59.4
2023-06-22,44,33,52730259,52121033,40382704,77.5,76.6,59.4
2023-06-23,50,52,52730309,52121085,40382845,77.5,76.6,59.4
2023-06-24,9,9,52730318,52121094,40382901,77.5,76.6,59.4
2023-06-25,2,3,52730320,52121097,40382909,77.5,76.6,59.4
2023-06-26,36,27,52730356,52121124,40383057,77.5,76.6,59.4
2023-06-27,51,33,52730407,52121157,40383203,77.5,76.6,59.4
2023-06-28,28,34,52730435,52121191,40383309,77.5,76.6,59.4
2023-06-29,27,33,52730462,52121224,40383427,77.5,76.6,59.4
2023-06-30,28,40,52730490,52121264,40383559,77.5,76.6,59.4
2023-07-01,24,15,52730514,52121279,40383599,77.5,76.6,59.4
2023-07-02,0,0,52730514,52121279,40383601,77.5,76.6,59.4
2023-07-03,44,30,52730558,52121309,40383728,77.5,76.6,59.4
2023-07-04,28,36,52730586,52121345,40383851,77.5,76.6,59.4
2023-07-05,37,28,52730623,52121373,40383941,77.5,76.6,59.4
2023-07-06,32,27,52730655,52121400,40384069,77.5,76.6,59.4
2023-07-07,39,41,52730694,52121441,40384194,77.5,76.6,59.4
2023-07-08,7,16,52730701,52121457,40384240,77.5,76.6,59.4
2023-07-09,1,3,52730702,52121460,40384241,77.5,76.6,59.4
2023-07-10,15,17,52730717,52121477,40384324,77.5,76.6,59.4
